{"@context":"http://greendelta.github.io/olca-schema/context.jsonld","@type":"Flow","@id":"014bd81b-88c7-4a81-b872-201dcbfb8bbf","name":"Ethene, trichloro-","version":"00.00.006","lastChange":"2020-07-14T15:37:41.915+05:30","category":{"@type":"Category","@id":"fcdb9418-2c9b-3a06-9b46-b280afc50970","name":"ground water","categoryPath":["Elementary flows","Emission to water"],"categoryType":"Flow"},"flowType":"ELEMENTARY_FLOW","cas":"000079-01-6","infrastructureFlow":false,"flowProperties":[{"@type":"FlowPropertyFactor","referenceFlowProperty":true,"flowProperty":{"@type":"FlowProperty","@id":"93a60a56-a3c8-11da-a746-0800200b9a66","name":"Mass","categoryPath":["Technical flow properties"]},"conversionFactor":1.0}]}