{"@context":"http://greendelta.github.io/olca-schema/context.jsonld","@type":"Flow","@id":"079339c7-49a2-3a17-9aa7-9b14b5c47560","name":"Oil, crude, 42.6 MJ per kg","description":"Higher heating value (HHV): 45.2 MJ/kg\nLower heating value (LHV): 42.6 MJ/kg","version":"00.00.002","lastChange":"2020-09-28T21:19:01.673+05:30","category":{"@type":"Category","@id":"8e6ddbf4-dcee-31e2-acd1-1f1c2694a66d","name":"in ground","categoryPath":["Elementary flows","Resource"],"categoryType":"Flow"},"flowType":"ELEMENTARY_FLOW","cas":"","infrastructureFlow":false,"flowProperties":[{"@type":"FlowPropertyFactor","referenceFlowProperty":true,"flowProperty":{"@type":"FlowProperty","@id":"93a60a56-a3c8-11da-a746-0800200b9a66","name":"Mass","categoryPath":["Technical flow properties"]},"conversionFactor":1.0}]}