{"@context":"http://greendelta.github.io/olca-schema/context.jsonld","@type":"Flow","@id":"08a91e70-3ddc-11dd-9993-0050c2490048","name":"Tin","description":"Formula: Sn","version":"00.00.002","lastChange":"2020-09-28T21:18:36.427+05:30","category":{"@type":"Category","@id":"bcf882d6-0577-3737-861a-539dae490716","name":"ocean","categoryPath":["Elementary flows","Emission to water"],"categoryType":"Flow"},"flowType":"ELEMENTARY_FLOW","cas":"007440-31-5","infrastructureFlow":false,"flowProperties":[{"@type":"FlowPropertyFactor","referenceFlowProperty":true,"flowProperty":{"@type":"FlowProperty","@id":"93a60a56-a3c8-11da-a746-0800200b9a66","name":"Mass","categoryPath":["Technical flow properties"]},"conversionFactor":1.0}]}