{"@context":"http://greendelta.github.io/olca-schema/context.jsonld","@type":"Flow","@id":"08d8474a-1b6a-42e4-b509-e9684d170ea1","name":"Gas, natural, 36.6 MJ per m3","description":"Higher heating value (HHV): 40.6 MJ/m3\nLower heating value (LHV): 36.6 MJ/m3","version":"00.00.002","lastChange":"2020-09-28T21:19:01.659+05:30","category":{"@type":"Category","@id":"8e6ddbf4-dcee-31e2-acd1-1f1c2694a66d","name":"in ground","categoryPath":["Elementary flows","Resource"],"categoryType":"Flow"},"flowType":"ELEMENTARY_FLOW","cas":"008006-14-2","infrastructureFlow":false,"flowProperties":[{"@type":"FlowPropertyFactor","referenceFlowProperty":true,"flowProperty":{"@type":"FlowProperty","@id":"93a60a56-a3c8-22da-a746-0800200c9a66","name":"Volume","categoryPath":["Technical flow properties"]},"conversionFactor":1.0}]}