{"@context":"http://greendelta.github.io/olca-schema/context.jsonld","@type":"Flow","@id":"08f0c6e1-eebd-303b-bbca-613fc2af1ae9","name":"Benzene, 1,2,3-trichloro-","version":"00.00.006","lastChange":"2020-07-14T15:37:40.772+05:30","category":{"@type":"Category","@id":"fcdb9418-2c9b-3a06-9b46-b280afc50970","name":"ground water","categoryPath":["Elementary flows","Emission to water"],"categoryType":"Flow"},"flowType":"ELEMENTARY_FLOW","cas":"000087-61-6","infrastructureFlow":false,"flowProperties":[{"@type":"FlowPropertyFactor","referenceFlowProperty":true,"flowProperty":{"@type":"FlowProperty","@id":"93a60a56-a3c8-11da-a746-0800200b9a66","name":"Mass","categoryPath":["Technical flow properties"]},"conversionFactor":1.0}]}