{"@context":"http://greendelta.github.io/olca-schema/context.jsonld","@type":"Flow","@id":"0eac1db1-a0e8-48c1-a341-e057dd2dd032","name":"Deltamethrin","version":"00.00.005","lastChange":"2020-07-14T15:37:56.554+05:30","category":{"@type":"Category","@id":"fab13f44-02b6-39d4-b75b-1fef2146c199","name":"unspecified","categoryPath":["Elementary flows","Emission to water"],"categoryType":"Flow"},"flowType":"ELEMENTARY_FLOW","cas":"052918-63-5","infrastructureFlow":false,"flowProperties":[{"@type":"FlowPropertyFactor","referenceFlowProperty":true,"flowProperty":{"@type":"FlowProperty","@id":"93a60a56-a3c8-11da-a746-0800200b9a66","name":"Mass","categoryPath":["Technical flow properties"]},"conversionFactor":1.0}]}