{"@context":"http://greendelta.github.io/olca-schema/context.jsonld","@type":"Flow","@id":"0fd3a557-acc2-49fc-b914-864f475dca75","name":"Tin, ion","version":"00.00.000","category":{"@type":"Category","@id":"9bd86b94-a190-33bb-83ba-bc8fad84acd4","name":"fossil-","categoryPath":["Elementary flows","Emission to water"],"categoryType":"Flow"},"flowType":"ELEMENTARY_FLOW","cas":"022537-50-4","formula":"Sn4+","infrastructureFlow":false,"flowProperties":[{"@type":"FlowPropertyFactor","referenceFlowProperty":true,"flowProperty":{"@type":"FlowProperty","@id":"93a60a56-a3c8-11da-a746-0800200b9a66","name":"Mass","categoryPath":["Technical flow properties"]},"conversionFactor":1.0}]}