{"@context":"http://greendelta.github.io/olca-schema/context.jsonld","@type":"Flow","@id":"117a58a3-164d-45c1-8aab-497b446bdb14","name":"Chlorpyrifos","description":"Formula: C9H11Cl3NO3PS","version":"00.00.003","lastChange":"2020-09-28T21:18:35.121+05:30","category":{"@type":"Category","@id":"4c508829-289a-3d46-acae-8733673c0718","name":"unspecified","categoryPath":["Elementary flows","Emission to soil"],"categoryType":"Flow"},"flowType":"ELEMENTARY_FLOW","cas":"002921-88-2","infrastructureFlow":false,"flowProperties":[{"@type":"FlowPropertyFactor","referenceFlowProperty":true,"flowProperty":{"@type":"FlowProperty","@id":"93a60a56-a3c8-11da-a746-0800200b9a66","name":"Mass","categoryPath":["Technical flow properties"]},"conversionFactor":1.0}]}