{"@context":"http://greendelta.github.io/olca-schema/context.jsonld","@type":"Flow","@id":"17cbbbbd-bd78-325d-bd76-2b6fcf81faaf","name":"Coal, hard, 30.7 MJ per kg","version":"00.00.003","lastChange":"2020-07-14T15:37:57.333+05:30","category":{"@type":"Category","@id":"8e6ddbf4-dcee-31e2-acd1-1f1c2694a66d","name":"in ground","categoryPath":["Elementary flows","Resource"],"categoryType":"Flow"},"flowType":"ELEMENTARY_FLOW","cas":"","infrastructureFlow":false,"flowProperties":[{"@type":"FlowPropertyFactor","referenceFlowProperty":true,"flowProperty":{"@type":"FlowProperty","@id":"93a60a56-a3c8-11da-a746-0800200b9a66","name":"Mass","categoryPath":["Technical flow properties"]},"conversionFactor":1.0}]}