{"@context":"http://greendelta.github.io/olca-schema/context.jsonld","@type":"Flow","@id":"197d45af-b6a3-4266-946d-b39132e18cc8","name":"Carbofuran","description":"Formula:C12H15NO3","version":"00.00.003","lastChange":"2020-09-28T21:18:35.036+05:30","category":{"@type":"Category","@id":"4c508829-289a-3d46-acae-8733673c0718","name":"unspecified","categoryPath":["Elementary flows","Emission to soil"],"categoryType":"Flow"},"flowType":"ELEMENTARY_FLOW","cas":"001563-66-2","infrastructureFlow":false,"flowProperties":[{"@type":"FlowPropertyFactor","referenceFlowProperty":true,"flowProperty":{"@type":"FlowProperty","@id":"93a60a56-a3c8-11da-a746-0800200b9a66","name":"Mass","categoryPath":["Technical flow properties"]},"conversionFactor":1.0}]}