{"@context":"http://greendelta.github.io/olca-schema/context.jsonld","@type":"Flow","@id":"19cb03c5-b667-41fc-892e-39e829e19bbe","name":"Benzene, 1,2,4,5-tetrachloro-","version":"00.00.007","lastChange":"2020-07-14T15:37:17.998+05:30","category":{"@type":"Category","@id":"5ee13ccb-a299-3d36-8d7e-be8281e8891a","name":"unspecified","categoryPath":["Elementary flows","Emission to air"],"categoryType":"Flow"},"flowType":"ELEMENTARY_FLOW","cas":"000095-94-3","infrastructureFlow":false,"flowProperties":[{"@type":"FlowPropertyFactor","referenceFlowProperty":true,"flowProperty":{"@type":"FlowProperty","@id":"93a60a56-a3c8-11da-a746-0800200b9a66","name":"Mass","categoryPath":["Technical flow properties"]},"conversionFactor":1.0}]}