{"@context":"http://greendelta.github.io/olca-schema/context.jsonld","@type":"Flow","@id":"1da8a53a-ea77-4a9a-8019-5e78c52ff45a","name":"Tin","version":"00.00.000","category":{"@type":"Category","@id":"9bd86b94-a190-33bb-83ba-bc8fad84acd4","name":"fossil-","categoryPath":["Elementary flows","Emission to water"],"categoryType":"Flow"},"flowType":"ELEMENTARY_FLOW","cas":"007440-31-5","formula":"Sn","infrastructureFlow":false,"flowProperties":[{"@type":"FlowPropertyFactor","referenceFlowProperty":true,"flowProperty":{"@type":"FlowProperty","@id":"93a60a56-a3c8-11da-a746-0800200b9a66","name":"Mass","categoryPath":["Technical flow properties"]},"conversionFactor":1.0}]}