{"@context":"http://greendelta.github.io/olca-schema/context.jsonld","@type":"Flow","@id":"26064240-07f0-40ff-9359-f891a8b99fcf","name":"Cypermethrin","version":"00.00.006","lastChange":"2020-07-14T15:37:21.530+05:30","category":{"@type":"Category","@id":"ef6245ae-a403-3934-8bae-39989587cc31","name":"forestry","categoryPath":["Elementary flows","Emission to soil"],"categoryType":"Flow"},"flowType":"ELEMENTARY_FLOW","cas":"052315-07-8","infrastructureFlow":false,"flowProperties":[{"@type":"FlowPropertyFactor","referenceFlowProperty":true,"flowProperty":{"@type":"FlowProperty","@id":"93a60a56-a3c8-11da-a746-0800200b9a66","name":"Mass","categoryPath":["Technical flow properties"]},"conversionFactor":1.0}]}