{"@context":"http://greendelta.github.io/olca-schema/context.jsonld","@type":"Flow","@id":"282973e4-3c2d-4a9c-a3f2-d39a5b36aa76","name":"Deltamethrin","description":"EcoSpold 2 elementary exchange, ID \u003d 282973e4-3c2d-4a9c-a3f2-d39a5b36aa76","version":"00.00.000","category":{"@type":"Category","@id":"38e33019-f897-3977-be83-953478aa1db1","name":"agricultural","categoryPath":["Elementary flows","Emission to soil"],"categoryType":"Flow"},"flowType":"ELEMENTARY_FLOW","infrastructureFlow":false,"flowProperties":[{"@type":"FlowPropertyFactor","referenceFlowProperty":true,"flowProperty":{"@type":"FlowProperty","@id":"93a60a56-a3c8-11da-a746-0800200b9a66","name":"Mass","categoryPath":["Technical flow properties"]},"conversionFactor":1.0}]}