{"@context":"http://greendelta.github.io/olca-schema/context.jsonld","@type":"Flow","@id":"305e0788-d9f6-4c8a-9074-0175fc5f2065","name":"Zineb","version":"00.00.006","lastChange":"2020-07-14T15:37:36.877+05:30","category":{"@type":"Category","@id":"4c508829-289a-3d46-acae-8733673c0718","name":"unspecified","categoryPath":["Elementary flows","Emission to soil"],"categoryType":"Flow"},"flowType":"ELEMENTARY_FLOW","cas":"012122-67-7","infrastructureFlow":false,"flowProperties":[{"@type":"FlowPropertyFactor","referenceFlowProperty":true,"flowProperty":{"@type":"FlowProperty","@id":"93a60a56-a3c8-11da-a746-0800200b9a66","name":"Mass","categoryPath":["Technical flow properties"]},"conversionFactor":1.0}]}