{"@context":"http://greendelta.github.io/olca-schema/context.jsonld","@type":"Flow","@id":"3573a5af-88f8-4f74-ade7-cd269cbc4e66","name":"Copper","description":"EcoSpold 2 elementary exchange, ID \u003d 3573a5af-88f8-4f74-ade7-cd269cbc4e66","version":"00.00.000","category":{"@type":"Category","@id":"038095b2-75fe-33b1-aa7f-5d74b7bb38fa","name":"lower stratosphere + upper troposphere","categoryPath":["Elementary flows","Emission to air"],"categoryType":"Flow"},"flowType":"ELEMENTARY_FLOW","infrastructureFlow":false,"flowProperties":[{"@type":"FlowPropertyFactor","referenceFlowProperty":true,"flowProperty":{"@type":"FlowProperty","@id":"93a60a56-a3c8-11da-a746-0800200b9a66","name":"Mass","categoryPath":["Technical flow properties"]},"conversionFactor":1.0}]}