{"@context":"http://greendelta.github.io/olca-schema/context.jsonld","@type":"Flow","@id":"39b723de-127a-35bc-9834-bd2931b6a091","name":"Lindane","version":"00.00.007","lastChange":"2020-07-14T15:37:10.435+05:30","category":{"@type":"Category","@id":"4c877605-493a-33bd-aa79-d115719d9b01","name":"indoor","categoryPath":["Elementary flows","Emission to air"],"categoryType":"Flow"},"flowType":"ELEMENTARY_FLOW","cas":"000058-89-9","infrastructureFlow":false,"flowProperties":[{"@type":"FlowPropertyFactor","referenceFlowProperty":true,"flowProperty":{"@type":"FlowProperty","@id":"93a60a56-a3c8-11da-a746-0800200b9a66","name":"Mass","categoryPath":["Technical flow properties"]},"conversionFactor":1.0}]}