{"@context":"http://greendelta.github.io/olca-schema/context.jsonld","@type":"Flow","@id":"3a574f0d-f395-40be-874a-312e6a0f238d","name":"Benzene, ethyl-","description":"Formula: C8H10","version":"00.00.002","lastChange":"2020-09-28T21:18:37.980+05:30","category":{"@type":"Category","@id":"e3eb990a-bf00-358a-aa44-453c07c8a464","name":"river","categoryPath":["Elementary flows","Emission to water"],"categoryType":"Flow"},"flowType":"ELEMENTARY_FLOW","cas":"000100-41-4","infrastructureFlow":false,"flowProperties":[{"@type":"FlowPropertyFactor","referenceFlowProperty":true,"flowProperty":{"@type":"FlowProperty","@id":"93a60a56-a3c8-11da-a746-0800200b9a66","name":"Mass","categoryPath":["Technical flow properties"]},"conversionFactor":1.0}]}