{"@context":"http://greendelta.github.io/olca-schema/context.jsonld","@type":"Flow","@id":"3aa2d426-411f-41ae-9e09-5558100447e9","name":"Ethane, 1,1,1-trichloro-, HCFC-140","version":"00.00.000","category":{"@type":"Category","@id":"9bd86b94-a190-33bb-83ba-bc8fad84acd4","name":"fossil-","categoryPath":["Elementary flows","Emission to water"],"categoryType":"Flow"},"flowType":"ELEMENTARY_FLOW","cas":"000071-55-6","formula":"C2H3Cl3","infrastructureFlow":false,"flowProperties":[{"@type":"FlowPropertyFactor","referenceFlowProperty":true,"flowProperty":{"@type":"FlowProperty","@id":"93a60a56-a3c8-11da-a746-0800200b9a66","name":"Mass","categoryPath":["Technical flow properties"]},"conversionFactor":1.0}]}