{"@context":"http://greendelta.github.io/olca-schema/context.jsonld","@type":"Flow","@id":"3e24fcde-b31f-3bb3-a3f4-8d2647e3690b","name":"Energy, from sulfur","version":"00.00.003","lastChange":"2020-07-14T15:37:57.318+05:30","category":{"@type":"Category","@id":"8e6ddbf4-dcee-31e2-acd1-1f1c2694a66d","name":"in ground","categoryPath":["Elementary flows","Resource"],"categoryType":"Flow"},"flowType":"ELEMENTARY_FLOW","cas":"","infrastructureFlow":false,"flowProperties":[{"@type":"FlowPropertyFactor","referenceFlowProperty":true,"flowProperty":{"@type":"FlowProperty","@id":"f6811440-ee37-11de-8a39-0800200c9a66","name":"Energy","categoryPath":["Technical flow properties"]},"conversionFactor":1.0}]}