{"@context":"http://greendelta.github.io/olca-schema/context.jsonld","@type":"Flow","@id":"3f86894a-260d-3c58-9499-772777ebfdab","name":"Demeton","version":"00.00.005","lastChange":"2020-07-14T15:37:56.686+05:30","category":{"@type":"Category","@id":"fab13f44-02b6-39d4-b75b-1fef2146c199","name":"unspecified","categoryPath":["Elementary flows","Emission to water"],"categoryType":"Flow"},"flowType":"ELEMENTARY_FLOW","cas":"008065-48-3","infrastructureFlow":false,"flowProperties":[{"@type":"FlowPropertyFactor","referenceFlowProperty":true,"flowProperty":{"@type":"FlowProperty","@id":"93a60a56-a3c8-11da-a746-0800200b9a66","name":"Mass","categoryPath":["Technical flow properties"]},"conversionFactor":1.0}]}