{"@context":"http://greendelta.github.io/olca-schema/context.jsonld","@type":"Flow","@id":"421f19a0-f7a6-4abf-94b3-978e522b442e","name":"Bifenthrin","version":"00.00.008","lastChange":"2020-07-14T15:36:42.896+05:30","category":{"@type":"Category","@id":"148f2fea-51d6-3300-89e9-98d4bfad0b18","name":"high population density","categoryPath":["Elementary flows","Emission to air"],"categoryType":"Flow"},"flowType":"ELEMENTARY_FLOW","cas":"082657-04-3","infrastructureFlow":false,"flowProperties":[{"@type":"FlowPropertyFactor","referenceFlowProperty":true,"flowProperty":{"@type":"FlowProperty","@id":"93a60a56-a3c8-11da-a746-0800200b9a66","name":"Mass","categoryPath":["Technical flow properties"]},"conversionFactor":1.0}]}