{"@context":"http://greendelta.github.io/olca-schema/context.jsonld","@type":"Flow","@id":"493ab2e9-b137-44b5-900f-bd5d09d4ed1c","name":"Carbendazim","version":"00.00.006","lastChange":"2020-07-14T15:37:18.813+05:30","category":{"@type":"Category","@id":"ef6245ae-a403-3934-8bae-39989587cc31","name":"forestry","categoryPath":["Elementary flows","Emission to soil"],"categoryType":"Flow"},"flowType":"ELEMENTARY_FLOW","cas":"010605-21-7","infrastructureFlow":false,"flowProperties":[{"@type":"FlowPropertyFactor","referenceFlowProperty":true,"flowProperty":{"@type":"FlowProperty","@id":"93a60a56-a3c8-11da-a746-0800200b9a66","name":"Mass","categoryPath":["Technical flow properties"]},"conversionFactor":1.0}]}