{"@context":"http://greendelta.github.io/olca-schema/context.jsonld","@type":"Flow","@id":"4c8bad1a-3c73-453f-a0db-a11c81205678","name":"Chlorpropham","version":"00.00.008","lastChange":"2020-07-14T15:36:52.591+05:30","category":{"@type":"Category","@id":"038095b2-75fe-33b1-aa7f-5d74b7bb38fa","name":"lower stratosphere + upper troposphere","categoryPath":["Elementary flows","Emission to air"],"categoryType":"Flow"},"flowType":"ELEMENTARY_FLOW","cas":"000101-21-3","infrastructureFlow":false,"flowProperties":[{"@type":"FlowPropertyFactor","referenceFlowProperty":true,"flowProperty":{"@type":"FlowProperty","@id":"93a60a56-a3c8-11da-a746-0800200b9a66","name":"Mass","categoryPath":["Technical flow properties"]},"conversionFactor":1.0}]}