{"@context":"http://greendelta.github.io/olca-schema/context.jsonld","@type":"Flow","@id":"4db6b96f-18b6-4a0c-8ee4-bedd317b33bf","name":"Fentin acetate","version":"00.00.006","lastChange":"2020-07-14T15:37:24.034+05:30","category":{"@type":"Category","@id":"14925643-01de-3292-b352-1baac77f1b0c","name":"industrial","categoryPath":["Elementary flows","Emission to soil"],"categoryType":"Flow"},"flowType":"ELEMENTARY_FLOW","cas":"000900-95-8","infrastructureFlow":false,"flowProperties":[{"@type":"FlowPropertyFactor","referenceFlowProperty":true,"flowProperty":{"@type":"FlowProperty","@id":"93a60a56-a3c8-11da-a746-0800200b9a66","name":"Mass","categoryPath":["Technical flow properties"]},"conversionFactor":1.0}]}