{"@context":"http://greendelta.github.io/olca-schema/context.jsonld","@type":"Flow","@id":"4ef9f011-6076-403e-8ea1-97093735dc57","name":"Mecoprop","version":"00.00.008","lastChange":"2020-07-14T15:36:41.753+05:30","category":{"@type":"Category","@id":"148f2fea-51d6-3300-89e9-98d4bfad0b18","name":"high population density","categoryPath":["Elementary flows","Emission to air"],"categoryType":"Flow"},"flowType":"ELEMENTARY_FLOW","cas":"000093-65-2","infrastructureFlow":false,"flowProperties":[{"@type":"FlowPropertyFactor","referenceFlowProperty":true,"flowProperty":{"@type":"FlowProperty","@id":"93a60a56-a3c8-11da-a746-0800200b9a66","name":"Mass","categoryPath":["Technical flow properties"]},"conversionFactor":1.0}]}