{"@context":"http://greendelta.github.io/olca-schema/context.jsonld","@type":"Flow","@id":"4fe0ec4c-3f18-360c-9f19-ee1cdef7aaa7","name":"Coal, 18 MJ per kg","description":"Higher heating value (HHV): 18.9 MJ/kg\nLower heating value (LHV): 18 MJ/kg","version":"00.00.002","lastChange":"2020-09-28T21:19:01.662+05:30","category":{"@type":"Category","@id":"8e6ddbf4-dcee-31e2-acd1-1f1c2694a66d","name":"in ground","categoryPath":["Elementary flows","Resource"],"categoryType":"Flow"},"flowType":"ELEMENTARY_FLOW","cas":"","infrastructureFlow":false,"flowProperties":[{"@type":"FlowPropertyFactor","referenceFlowProperty":true,"flowProperty":{"@type":"FlowProperty","@id":"93a60a56-a3c8-11da-a746-0800200b9a66","name":"Mass","categoryPath":["Technical flow properties"]},"conversionFactor":1.0}]}