{"@context":"http://greendelta.github.io/olca-schema/context.jsonld","@type":"Flow","@id":"50083ef1-a348-47f8-b8f3-b0b12ca16f93","name":"Propoxur","version":"00.00.008","lastChange":"2020-07-14T15:36:56.731+05:30","category":{"@type":"Category","@id":"bba51547-77d9-3c3a-a99b-19a89cabe6fc","name":"low population density, long-term","categoryPath":["Elementary flows","Emission to air"],"categoryType":"Flow"},"flowType":"ELEMENTARY_FLOW","cas":"000114-26-1","infrastructureFlow":false,"flowProperties":[{"@type":"FlowPropertyFactor","referenceFlowProperty":true,"flowProperty":{"@type":"FlowProperty","@id":"93a60a56-a3c8-11da-a746-0800200b9a66","name":"Mass","categoryPath":["Technical flow properties"]},"conversionFactor":1.0}]}