{"@context":"http://greendelta.github.io/olca-schema/context.jsonld","@type":"Flow","@id":"52977b58-f9d3-411b-8620-0dc8d2d33cba","name":"Coal, 18 MJ per kg, in ground","version":"00.00.001","lastChange":"2019-08-26T11:16:19.651+05:30","category":{"@type":"Category","@id":"00b417ca-ff62-37ec-b1f9-3da9fa8a47a7","name":"unspecified","categoryPath":["Elementary flows","Resource"],"categoryType":"Flow"},"flowType":"ELEMENTARY_FLOW","cas":"","infrastructureFlow":false,"flowProperties":[{"@type":"FlowPropertyFactor","referenceFlowProperty":true,"flowProperty":{"@type":"FlowProperty","@id":"93a60a56-a3c8-11da-a746-0800200b9a66","name":"Mass","categoryPath":["Technical flow properties"]},"conversionFactor":1.0}]}