{"@context":"http://greendelta.github.io/olca-schema/context.jsonld","@type":"Flow","@id":"547cf7b1-0a2a-4e61-a02e-c2a03c42bc8f","name":"Ethene, chloro-","version":"00.00.000","category":{"@type":"Category","@id":"07cff2fa-3a31-3f9f-9b2f-b531b3fd9133","name":"river, long-term","categoryPath":["Elementary flows","Emission to water"],"categoryType":"Flow"},"flowType":"ELEMENTARY_FLOW","cas":"000075-01-4","formula":"CH2CHCl","infrastructureFlow":false,"flowProperties":[{"@type":"FlowPropertyFactor","referenceFlowProperty":true,"flowProperty":{"@type":"FlowProperty","@id":"93a60a56-a3c8-11da-a746-0800200b9a66","name":"Mass","categoryPath":["Technical flow properties"]},"conversionFactor":1.0}]}