{"@context":"http://greendelta.github.io/olca-schema/context.jsonld","@type":"Flow","@id":"54cce2c1-4363-3bc8-90a9-30cd8bdd5e9a","name":"Fenthion","version":"00.00.008","lastChange":"2020-07-14T15:37:05.149+05:30","category":{"@type":"Category","@id":"52d41f57-0e7d-35cf-b4ea-7c9d6c2f9c28","name":"low population density","categoryPath":["Elementary flows","Emission to air"],"categoryType":"Flow"},"flowType":"ELEMENTARY_FLOW","cas":"000055-38-9","infrastructureFlow":false,"flowProperties":[{"@type":"FlowPropertyFactor","referenceFlowProperty":true,"flowProperty":{"@type":"FlowProperty","@id":"93a60a56-a3c8-11da-a746-0800200b9a66","name":"Mass","categoryPath":["Technical flow properties"]},"conversionFactor":1.0}]}