{"@context":"http://greendelta.github.io/olca-schema/context.jsonld","@type":"Flow","@id":"55031fb3-9c72-4bcc-b320-e190790bbc74","name":"Oil, crude","description":"Synonyms: Crude oil\n\nHigher heating value (HHV): 45.8 MJ/kg\nLower heating value (LHV): 43.2 MJ/kg","version":"00.00.002","lastChange":"2020-09-28T21:19:00.959+05:30","category":{"@type":"Category","@id":"00b417ca-ff62-37ec-b1f9-3da9fa8a47a7","name":"unspecified","categoryPath":["Elementary flows","Resource"],"categoryType":"Flow"},"flowType":"ELEMENTARY_FLOW","cas":"","infrastructureFlow":false,"flowProperties":[{"@type":"FlowPropertyFactor","referenceFlowProperty":true,"flowProperty":{"@type":"FlowProperty","@id":"93a60a56-a3c8-11da-a746-0800200b9a66","name":"Mass","categoryPath":["Technical flow properties"]},"conversionFactor":1.0}]}