{"@context":"http://greendelta.github.io/olca-schema/context.jsonld","@type":"Flow","@id":"55c0da10-4977-3302-a190-63962ad16cbf","name":"Coal, hard","description":"Synonyms: Anthracite; Hard coal\n\nHigher heating value (HHV): 19.1 MJ/kg\nLower heating value (LHV): 18.2 MH/kg","version":"00.00.002","lastChange":"2020-09-28T21:19:00.786+05:30","category":{"@type":"Category","@id":"00b417ca-ff62-37ec-b1f9-3da9fa8a47a7","name":"unspecified","categoryPath":["Elementary flows","Resource"],"categoryType":"Flow"},"flowType":"ELEMENTARY_FLOW","cas":"","infrastructureFlow":false,"flowProperties":[{"@type":"FlowPropertyFactor","referenceFlowProperty":true,"flowProperty":{"@type":"FlowProperty","@id":"93a60a56-a3c8-11da-a746-0800200b9a66","name":"Mass","categoryPath":["Technical flow properties"]},"conversionFactor":1.0}]}