{"@context":"http://greendelta.github.io/olca-schema/context.jsonld","@type":"Flow","@id":"5623d9b6-3285-3b3b-8b05-c36f6a21180f","name":"Benzene, 1,2,3,4-tetrachloro-","version":"00.00.005","lastChange":"2020-07-14T15:37:56.575+05:30","category":{"@type":"Category","@id":"fab13f44-02b6-39d4-b75b-1fef2146c199","name":"unspecified","categoryPath":["Elementary flows","Emission to water"],"categoryType":"Flow"},"flowType":"ELEMENTARY_FLOW","cas":"000634-66-2","infrastructureFlow":false,"flowProperties":[{"@type":"FlowPropertyFactor","referenceFlowProperty":true,"flowProperty":{"@type":"FlowProperty","@id":"93a60a56-a3c8-11da-a746-0800200b9a66","name":"Mass","categoryPath":["Technical flow properties"]},"conversionFactor":1.0}]}