{"@context":"http://greendelta.github.io/olca-schema/context.jsonld","@type":"Flow","@id":"58b9e5bd-ca55-4f4d-93dd-42b046f9029f","name":"Metolachlor","version":"00.00.008","lastChange":"2020-07-14T15:36:56.422+05:30","category":{"@type":"Category","@id":"bba51547-77d9-3c3a-a99b-19a89cabe6fc","name":"low population density, long-term","categoryPath":["Elementary flows","Emission to air"],"categoryType":"Flow"},"flowType":"ELEMENTARY_FLOW","cas":"051218-45-2","infrastructureFlow":false,"flowProperties":[{"@type":"FlowPropertyFactor","referenceFlowProperty":true,"flowProperty":{"@type":"FlowProperty","@id":"93a60a56-a3c8-11da-a746-0800200b9a66","name":"Mass","categoryPath":["Technical flow properties"]},"conversionFactor":1.0}]}