{"@context":"http://greendelta.github.io/olca-schema/context.jsonld","@type":"Flow","@id":"5b524c90-9008-420f-a5dc-4a9843a3a724","name":"Methane","version":"00.00.001","lastChange":"2020-05-15T19:15:52.767+05:30","category":{"@type":"Category","@id":"8e6ddbf4-dcee-31e2-acd1-1f1c2694a66d","name":"in ground","categoryPath":["Elementary flows","Resource"],"categoryType":"Flow"},"flowType":"ELEMENTARY_FLOW","cas":"000074-82-8","infrastructureFlow":false,"flowProperties":[{"@type":"FlowPropertyFactor","referenceFlowProperty":true,"flowProperty":{"@type":"FlowProperty","@id":"93a60a56-a3c8-11da-a746-0800200b9a66","name":"Mass","categoryPath":["Technical flow properties"]},"conversionFactor":1.0}]}