{"@context":"http://greendelta.github.io/olca-schema/context.jsonld","@type":"Flow","@id":"5dc066dc-84e7-4d6e-8522-9a3148d4bf0f","name":"Pyrazophos","version":"00.00.007","lastChange":"2020-07-14T15:37:17.765+05:30","category":{"@type":"Category","@id":"5ee13ccb-a299-3d36-8d7e-be8281e8891a","name":"unspecified","categoryPath":["Elementary flows","Emission to air"],"categoryType":"Flow"},"flowType":"ELEMENTARY_FLOW","cas":"013457-18-6","infrastructureFlow":false,"flowProperties":[{"@type":"FlowPropertyFactor","referenceFlowProperty":true,"flowProperty":{"@type":"FlowProperty","@id":"93a60a56-a3c8-11da-a746-0800200b9a66","name":"Mass","categoryPath":["Technical flow properties"]},"conversionFactor":1.0}]}