{"@context":"http://greendelta.github.io/olca-schema/context.jsonld","@type":"Flow","@id":"649ae0d7-775c-490c-bfbe-2a534e8441c7","name":"Carbofuran","version":"00.00.005","lastChange":"2020-07-14T15:37:39.433+05:30","category":{"@type":"Category","@id":"e3eb990a-bf00-358a-aa44-453c07c8a464","name":"river","categoryPath":["Elementary flows","Emission to water"],"categoryType":"Flow"},"flowType":"ELEMENTARY_FLOW","cas":"001563-66-2","infrastructureFlow":false,"flowProperties":[{"@type":"FlowPropertyFactor","referenceFlowProperty":true,"flowProperty":{"@type":"FlowProperty","@id":"93a60a56-a3c8-11da-a746-0800200b9a66","name":"Mass","categoryPath":["Technical flow properties"]},"conversionFactor":1.0}]}