{"@context":"http://greendelta.github.io/olca-schema/context.jsonld","@type":"Flow","@id":"65e4dd1d-1067-46f3-8c6b-8e50e210899e","name":"Indeno(1,2,3-cd)pyrene","version":"00.00.008","lastChange":"2020-07-14T15:37:06.308+05:30","category":{"@type":"Category","@id":"52d41f57-0e7d-35cf-b4ea-7c9d6c2f9c28","name":"low population density","categoryPath":["Elementary flows","Emission to air"],"categoryType":"Flow"},"flowType":"ELEMENTARY_FLOW","cas":"000193-39-5","infrastructureFlow":false,"flowProperties":[{"@type":"FlowPropertyFactor","referenceFlowProperty":true,"flowProperty":{"@type":"FlowProperty","@id":"93a60a56-a3c8-11da-a746-0800200b9a66","name":"Mass","categoryPath":["Technical flow properties"]},"conversionFactor":1.0}]}