{"@context":"http://greendelta.github.io/olca-schema/context.jsonld","@type":"Flow","@id":"66a66f30-3a7b-4cd3-8f5e-ef43b12326e6","name":"Phenol, pentachloro-","version":"00.00.006","lastChange":"2020-07-14T15:37:46.021+05:30","category":{"@type":"Category","@id":"e3804097-c37d-3ae2-9b0b-a4acc407e6e2","name":"ground water, long-term","categoryPath":["Elementary flows","Emission to water"],"categoryType":"Flow"},"flowType":"ELEMENTARY_FLOW","cas":"000087-86-5","infrastructureFlow":false,"flowProperties":[{"@type":"FlowPropertyFactor","referenceFlowProperty":true,"flowProperty":{"@type":"FlowProperty","@id":"93a60a56-a3c8-11da-a746-0800200b9a66","name":"Mass","categoryPath":["Technical flow properties"]},"conversionFactor":1.0}]}