{"@context":"http://greendelta.github.io/olca-schema/context.jsonld","@type":"Flow","@id":"67eef84a-f067-4455-a218-4d93ada2b62a","name":"Benzo(a)anthracene","version":"00.00.006","lastChange":"2020-07-14T15:37:19.524+05:30","category":{"@type":"Category","@id":"ef6245ae-a403-3934-8bae-39989587cc31","name":"forestry","categoryPath":["Elementary flows","Emission to soil"],"categoryType":"Flow"},"flowType":"ELEMENTARY_FLOW","cas":"000056-55-3","infrastructureFlow":false,"flowProperties":[{"@type":"FlowPropertyFactor","referenceFlowProperty":true,"flowProperty":{"@type":"FlowProperty","@id":"93a60a56-a3c8-11da-a746-0800200b9a66","name":"Mass","categoryPath":["Technical flow properties"]},"conversionFactor":1.0}]}