{"@context":"http://greendelta.github.io/olca-schema/context.jsonld","@type":"Flow","@id":"681a15a3-93fe-4c0b-bda3-86cd051b0f10","name":"Metobromuron","version":"00.00.006","lastChange":"2020-07-14T15:37:23.902+05:30","category":{"@type":"Category","@id":"14925643-01de-3292-b352-1baac77f1b0c","name":"industrial","categoryPath":["Elementary flows","Emission to soil"],"categoryType":"Flow"},"flowType":"ELEMENTARY_FLOW","cas":"003060-89-7","infrastructureFlow":false,"flowProperties":[{"@type":"FlowPropertyFactor","referenceFlowProperty":true,"flowProperty":{"@type":"FlowProperty","@id":"93a60a56-a3c8-11da-a746-0800200b9a66","name":"Mass","categoryPath":["Technical flow properties"]},"conversionFactor":1.0}]}