{"@context":"http://greendelta.github.io/olca-schema/context.jsonld","@type":"Flow","@id":"6822d968-7ad9-37ac-87b3-de593dea74a5","name":"Aniline, m-chloro-","version":"00.00.005","lastChange":"2020-07-14T15:37:52.402+05:30","category":{"@type":"Category","@id":"bcf882d6-0577-3737-861a-539dae490716","name":"ocean","categoryPath":["Elementary flows","Emission to water"],"categoryType":"Flow"},"flowType":"ELEMENTARY_FLOW","cas":"000108-42-9","infrastructureFlow":false,"flowProperties":[{"@type":"FlowPropertyFactor","referenceFlowProperty":true,"flowProperty":{"@type":"FlowProperty","@id":"93a60a56-a3c8-11da-a746-0800200b9a66","name":"Mass","categoryPath":["Technical flow properties"]},"conversionFactor":1.0}]}