{"@context":"http://greendelta.github.io/olca-schema/context.jsonld","@type":"Flow","@id":"7045c96d-7cef-33cf-8f3d-cf7198b6faab","name":"Energy, from coal, brown","description":"Synonyms: Energy from lignite","version":"00.00.002","lastChange":"2020-09-28T21:19:01.600+05:30","category":{"@type":"Category","@id":"8e6ddbf4-dcee-31e2-acd1-1f1c2694a66d","name":"in ground","categoryPath":["Elementary flows","Resource"],"categoryType":"Flow"},"flowType":"ELEMENTARY_FLOW","cas":"","infrastructureFlow":false,"flowProperties":[{"@type":"FlowPropertyFactor","referenceFlowProperty":true,"flowProperty":{"@type":"FlowProperty","@id":"f6811440-ee37-11de-8a39-0800200c9a66","name":"Energy","categoryPath":["Technical flow properties"]},"conversionFactor":1.0}]}