{"@context":"http://greendelta.github.io/olca-schema/context.jsonld","@type":"Flow","@id":"72b01564-92f0-4d8e-ba33-80c71b19b113","name":"Gas, off-gas, oil production, in ground","version":"00.00.001","lastChange":"2019-08-26T11:16:19.660+05:30","category":{"@type":"Category","@id":"00b417ca-ff62-37ec-b1f9-3da9fa8a47a7","name":"unspecified","categoryPath":["Elementary flows","Resource"],"categoryType":"Flow"},"flowType":"ELEMENTARY_FLOW","cas":"","infrastructureFlow":false,"flowProperties":[{"@type":"FlowPropertyFactor","referenceFlowProperty":true,"flowProperty":{"@type":"FlowProperty","@id":"93a60a56-a3c8-22da-a746-0800200c9a66","name":"Volume","categoryPath":["Technical flow properties"]},"conversionFactor":1.0}]}