{"@context":"http://greendelta.github.io/olca-schema/context.jsonld","@type":"Flow","@id":"734e4801-eaae-47a9-989b-4ada5aa8b7a7","name":"Fentin hydroxide","version":"00.00.006","lastChange":"2020-07-14T15:37:36.908+05:30","category":{"@type":"Category","@id":"4c508829-289a-3d46-acae-8733673c0718","name":"unspecified","categoryPath":["Elementary flows","Emission to soil"],"categoryType":"Flow"},"flowType":"ELEMENTARY_FLOW","cas":"000076-87-9","infrastructureFlow":false,"flowProperties":[{"@type":"FlowPropertyFactor","referenceFlowProperty":true,"flowProperty":{"@type":"FlowProperty","@id":"93a60a56-a3c8-11da-a746-0800200b9a66","name":"Mass","categoryPath":["Technical flow properties"]},"conversionFactor":1.0}]}