{"@context":"http://greendelta.github.io/olca-schema/context.jsonld","@type":"Flow","@id":"745f4495-3487-3279-a82d-59e90a5d0c95","name":"Aniline, p-chloro-","version":"00.00.008","lastChange":"2020-07-14T15:36:44.385+05:30","category":{"@type":"Category","@id":"148f2fea-51d6-3300-89e9-98d4bfad0b18","name":"high population density","categoryPath":["Elementary flows","Emission to air"],"categoryType":"Flow"},"flowType":"ELEMENTARY_FLOW","cas":"000106-47-8","infrastructureFlow":false,"flowProperties":[{"@type":"FlowPropertyFactor","referenceFlowProperty":true,"flowProperty":{"@type":"FlowProperty","@id":"93a60a56-a3c8-11da-a746-0800200b9a66","name":"Mass","categoryPath":["Technical flow properties"]},"conversionFactor":1.0}]}