{"@context":"http://greendelta.github.io/olca-schema/context.jsonld","@type":"Flow","@id":"7573f99f-e35b-314f-b852-44762b219bef","name":"Aniline, 3,4-dichloro-","version":"00.00.006","lastChange":"2020-07-14T15:37:24.848+05:30","category":{"@type":"Category","@id":"14925643-01de-3292-b352-1baac77f1b0c","name":"industrial","categoryPath":["Elementary flows","Emission to soil"],"categoryType":"Flow"},"flowType":"ELEMENTARY_FLOW","cas":"000095-76-1","infrastructureFlow":false,"flowProperties":[{"@type":"FlowPropertyFactor","referenceFlowProperty":true,"flowProperty":{"@type":"FlowProperty","@id":"93a60a56-a3c8-11da-a746-0800200b9a66","name":"Mass","categoryPath":["Technical flow properties"]},"conversionFactor":1.0}]}