{"@context":"http://greendelta.github.io/olca-schema/context.jsonld","@type":"Flow","@id":"78f765aa-0178-3a2e-b72e-1a2c99779265","name":"Gas, off-gas, oil production","version":"00.00.003","lastChange":"2020-07-14T15:37:58.504+05:30","category":{"@type":"Category","@id":"00b417ca-ff62-37ec-b1f9-3da9fa8a47a7","name":"unspecified","categoryPath":["Elementary flows","Resource"],"categoryType":"Flow"},"flowType":"ELEMENTARY_FLOW","cas":"","infrastructureFlow":false,"flowProperties":[{"@type":"FlowPropertyFactor","referenceFlowProperty":true,"flowProperty":{"@type":"FlowProperty","@id":"93a60a56-a3c8-22da-a746-0800200c9a66","name":"Volume","categoryPath":["Technical flow properties"]},"conversionFactor":1.0}]}