{"@context":"http://greendelta.github.io/olca-schema/context.jsonld","@type":"Flow","@id":"799ea4aa-0263-4f00-b1be-67d302d9f7c4","name":"Fentin acetate","version":"00.00.006","lastChange":"2020-07-14T15:37:20.338+05:30","category":{"@type":"Category","@id":"ef6245ae-a403-3934-8bae-39989587cc31","name":"forestry","categoryPath":["Elementary flows","Emission to soil"],"categoryType":"Flow"},"flowType":"ELEMENTARY_FLOW","cas":"000900-95-8","infrastructureFlow":false,"flowProperties":[{"@type":"FlowPropertyFactor","referenceFlowProperty":true,"flowProperty":{"@type":"FlowProperty","@id":"93a60a56-a3c8-11da-a746-0800200b9a66","name":"Mass","categoryPath":["Technical flow properties"]},"conversionFactor":1.0}]}