{"@context":"http://greendelta.github.io/olca-schema/context.jsonld","@type":"Flow","@id":"7a59e8d5-cd11-4ee7-b1ca-30979d2b0b3a","name":"Chromium VI","description":"EcoSpold 2 elementary exchange, ID \u003d 7a59e8d5-cd11-4ee7-b1ca-30979d2b0b3a","version":"00.00.000","category":{"@type":"Category","@id":"148f2fea-51d6-3300-89e9-98d4bfad0b18","name":"high population density","categoryPath":["Elementary flows","Emission to air"],"categoryType":"Flow"},"flowType":"ELEMENTARY_FLOW","infrastructureFlow":false,"flowProperties":[{"@type":"FlowPropertyFactor","referenceFlowProperty":true,"flowProperty":{"@type":"FlowProperty","@id":"93a60a56-a3c8-11da-a746-0800200b9a66","name":"Mass","categoryPath":["Technical flow properties"]},"conversionFactor":1.0}]}