{"@context":"http://greendelta.github.io/olca-schema/context.jsonld","@type":"Flow","@id":"7c337428-fb1b-45c7-bbb2-2ee4d29e17ba","name":"Gas, natural, in ground","description":"EcoSpold 2 elementary exchange, ID \u003d 7c337428-fb1b-45c7-bbb2-2ee4d29e17ba","version":"00.00.000","category":{"@type":"Category","@id":"8e6ddbf4-dcee-31e2-acd1-1f1c2694a66d","name":"in ground","categoryPath":["Elementary flows","Resource"],"categoryType":"Flow"},"flowType":"ELEMENTARY_FLOW","infrastructureFlow":false,"flowProperties":[{"@type":"FlowPropertyFactor","referenceFlowProperty":true,"flowProperty":{"@type":"FlowProperty","@id":"93a60a56-a3c8-22da-a746-0800200c9a66","name":"Volume","categoryPath":["Technical flow properties"]},"conversionFactor":1.0}]}