{"@context":"http://greendelta.github.io/olca-schema/context.jsonld","@type":"Flow","@id":"7fe7f6f1-c9cb-4fe3-9322-a1194d5a7ce3","name":"Oil, crude, feedstock, 41 MJ per kg, in ground","version":"00.00.001","lastChange":"2019-08-26T11:16:19.644+05:30","category":{"@type":"Category","@id":"00b417ca-ff62-37ec-b1f9-3da9fa8a47a7","name":"unspecified","categoryPath":["Elementary flows","Resource"],"categoryType":"Flow"},"flowType":"ELEMENTARY_FLOW","cas":"","infrastructureFlow":false,"flowProperties":[{"@type":"FlowPropertyFactor","referenceFlowProperty":true,"flowProperty":{"@type":"FlowProperty","@id":"93a60a56-a3c8-11da-a746-0800200b9a66","name":"Mass","categoryPath":["Technical flow properties"]},"conversionFactor":1.0}]}