{"@context":"http://greendelta.github.io/olca-schema/context.jsonld","@type":"Flow","@id":"8124567b-ba5e-439f-9674-c3f2159dd441","name":"2-(4-Chloro-2-methylphenoxy)propanoic acid","version":"00.00.007","lastChange":"2020-07-14T15:37:18.048+05:30","category":{"@type":"Category","@id":"5ee13ccb-a299-3d36-8d7e-be8281e8891a","name":"unspecified","categoryPath":["Elementary flows","Emission to air"],"categoryType":"Flow"},"flowType":"ELEMENTARY_FLOW","cas":"007085-19-0","infrastructureFlow":false,"flowProperties":[{"@type":"FlowPropertyFactor","referenceFlowProperty":true,"flowProperty":{"@type":"FlowProperty","@id":"93a60a56-a3c8-11da-a746-0800200b9a66","name":"Mass","categoryPath":["Technical flow properties"]},"conversionFactor":1.0}]}