{"@context":"http://greendelta.github.io/olca-schema/context.jsonld","@type":"Flow","@id":"81b88765-3ac1-4206-a936-fec23c319ec1","name":"Gas, natural, 30.3 MJ per kg","description":"Higher heating value (HHV): 33.6 MJ/kg\nLower heating value (LHV): 30.3 MJ/kg","version":"00.00.002","lastChange":"2020-09-28T21:19:01.643+05:30","category":{"@type":"Category","@id":"8e6ddbf4-dcee-31e2-acd1-1f1c2694a66d","name":"in ground","categoryPath":["Elementary flows","Resource"],"categoryType":"Flow"},"flowType":"ELEMENTARY_FLOW","cas":"008006-14-2","infrastructureFlow":false,"flowProperties":[{"@type":"FlowPropertyFactor","referenceFlowProperty":true,"flowProperty":{"@type":"FlowProperty","@id":"93a60a56-a3c8-11da-a746-0800200b9a66","name":"Mass","categoryPath":["Technical flow properties"]},"conversionFactor":1.0}]}