{"@context":"http://greendelta.github.io/olca-schema/context.jsonld","@type":"Flow","@id":"841f4358-dcc0-472a-87ee-7a055ab7ec02","name":"Benzene, ethyl-","version":"00.00.006","lastChange":"2020-07-14T15:37:20.868+05:30","category":{"@type":"Category","@id":"ef6245ae-a403-3934-8bae-39989587cc31","name":"forestry","categoryPath":["Elementary flows","Emission to soil"],"categoryType":"Flow"},"flowType":"ELEMENTARY_FLOW","cas":"000100-41-4","infrastructureFlow":false,"flowProperties":[{"@type":"FlowPropertyFactor","referenceFlowProperty":true,"flowProperty":{"@type":"FlowProperty","@id":"93a60a56-a3c8-11da-a746-0800200b9a66","name":"Mass","categoryPath":["Technical flow properties"]},"conversionFactor":1.0}]}