{"@context":"http://greendelta.github.io/olca-schema/context.jsonld","@type":"Flow","@id":"8541907f-7297-4899-8c80-51678426acf1","name":"o-Xylene","version":"00.00.000","category":{"@type":"Category","@id":"16dd8091-78f7-3b9e-b9a6-cf888965eee5","name":"lake","categoryPath":["Elementary flows","Emission to water"],"categoryType":"Flow"},"flowType":"ELEMENTARY_FLOW","cas":"000095-47-6","formula":"C6H4(CH3)2","infrastructureFlow":false,"flowProperties":[{"@type":"FlowPropertyFactor","referenceFlowProperty":true,"flowProperty":{"@type":"FlowProperty","@id":"93a60a56-a3c8-11da-a746-0800200b9a66","name":"Mass","categoryPath":["Technical flow properties"]},"conversionFactor":1.0}]}