{"@context":"http://greendelta.github.io/olca-schema/context.jsonld","@type":"Flow","@id":"8550871d-518d-4031-b924-9fe0f56a84d6","name":"Formaldehyde","version":"00.00.006","lastChange":"2020-07-14T15:37:41.241+05:30","category":{"@type":"Category","@id":"fcdb9418-2c9b-3a06-9b46-b280afc50970","name":"ground water","categoryPath":["Elementary flows","Emission to water"],"categoryType":"Flow"},"flowType":"ELEMENTARY_FLOW","cas":"000050-00-0","infrastructureFlow":false,"flowProperties":[{"@type":"FlowPropertyFactor","referenceFlowProperty":true,"flowProperty":{"@type":"FlowProperty","@id":"93a60a56-a3c8-11da-a746-0800200b9a66","name":"Mass","categoryPath":["Technical flow properties"]},"conversionFactor":1.0}]}