{"@context":"http://greendelta.github.io/olca-schema/context.jsonld","@type":"Flow","@id":"85e6e865-0116-406a-b60d-4e88e2cf8c26","name":"Carbon disulfide","version":"00.00.006","lastChange":"2020-07-14T15:37:45.127+05:30","category":{"@type":"Category","@id":"e3804097-c37d-3ae2-9b0b-a4acc407e6e2","name":"ground water, long-term","categoryPath":["Elementary flows","Emission to water"],"categoryType":"Flow"},"flowType":"ELEMENTARY_FLOW","cas":"000075-15-0","infrastructureFlow":false,"flowProperties":[{"@type":"FlowPropertyFactor","referenceFlowProperty":true,"flowProperty":{"@type":"FlowProperty","@id":"93a60a56-a3c8-11da-a746-0800200b9a66","name":"Mass","categoryPath":["Technical flow properties"]},"conversionFactor":1.0}]}