{"@context":"http://greendelta.github.io/olca-schema/context.jsonld","@type":"Flow","@id":"867b0e23-c31a-4704-a3c5-5b4d03720aed","name":"Phenanthrene","version":"00.00.006","lastChange":"2020-07-14T15:37:41.144+05:30","category":{"@type":"Category","@id":"fcdb9418-2c9b-3a06-9b46-b280afc50970","name":"ground water","categoryPath":["Elementary flows","Emission to water"],"categoryType":"Flow"},"flowType":"ELEMENTARY_FLOW","cas":"000085-01-8","infrastructureFlow":false,"flowProperties":[{"@type":"FlowPropertyFactor","referenceFlowProperty":true,"flowProperty":{"@type":"FlowProperty","@id":"93a60a56-a3c8-11da-a746-0800200b9a66","name":"Mass","categoryPath":["Technical flow properties"]},"conversionFactor":1.0}]}