{"@context":"http://greendelta.github.io/olca-schema/context.jsonld","@type":"Flow","@id":"88951df2-e064-468f-acd6-ae90c30b08ca","name":"Oil, crude, feedstock, 41 MJ per kg, in ground","version":"00.00.002","lastChange":"2020-05-15T19:15:52.806+05:30","category":{"@type":"Category","@id":"8e6ddbf4-dcee-31e2-acd1-1f1c2694a66d","name":"in ground","categoryPath":["Elementary flows","Resource"],"categoryType":"Flow"},"flowType":"ELEMENTARY_FLOW","cas":"","infrastructureFlow":false,"flowProperties":[{"@type":"FlowPropertyFactor","referenceFlowProperty":true,"flowProperty":{"@type":"FlowProperty","@id":"93a60a56-a3c8-11da-a746-0800200b9a66","name":"Mass","categoryPath":["Technical flow properties"]},"conversionFactor":1.0}]}