{"@context":"http://greendelta.github.io/olca-schema/context.jsonld","@type":"Flow","@id":"8b9c9b8e-58a0-4e77-a0de-82d17cb44e59","name":"Methane","description":"Formula: CH4 \n\nHigher heating value (HHV): 55.5 MJ/kg\nLower heating value (LHV): 50 MJ/kg","version":"00.00.002","lastChange":"2020-09-28T21:19:00.979+05:30","category":{"@type":"Category","@id":"00b417ca-ff62-37ec-b1f9-3da9fa8a47a7","name":"unspecified","categoryPath":["Elementary flows","Resource"],"categoryType":"Flow"},"flowType":"ELEMENTARY_FLOW","cas":"000074-82-8","infrastructureFlow":false,"flowProperties":[{"@type":"FlowPropertyFactor","referenceFlowProperty":true,"flowProperty":{"@type":"FlowProperty","@id":"93a60a56-a3c8-11da-a746-0800200b9a66","name":"Mass","categoryPath":["Technical flow properties"]},"conversionFactor":1.0}]}