{"@context":"http://greendelta.github.io/olca-schema/context.jsonld","@type":"Flow","@id":"8cdcb4a5-5f12-4dd2-9fa4-15663ae85528","name":"Gas, mine, off-gas, process, coal mining/kg","description":"Higher heating value (HHV): 49.8 MJ/kg\nLower heating value (LHV): 44.9 MJ/kg","version":"00.00.002","lastChange":"2020-09-28T21:19:01.615+05:30","category":{"@type":"Category","@id":"8e6ddbf4-dcee-31e2-acd1-1f1c2694a66d","name":"in ground","categoryPath":["Elementary flows","Resource"],"categoryType":"Flow"},"flowType":"ELEMENTARY_FLOW","cas":"008006-14-2","infrastructureFlow":false,"flowProperties":[{"@type":"FlowPropertyFactor","referenceFlowProperty":true,"flowProperty":{"@type":"FlowProperty","@id":"93a60a56-a3c8-11da-a746-0800200b9a66","name":"Mass","categoryPath":["Technical flow properties"]},"conversionFactor":1.0}]}