{"@context":"http://greendelta.github.io/olca-schema/context.jsonld","@type":"Flow","@id":"91c76c8e-d725-475d-9be6-a90b99747075","name":"Butadiene","description":"Formula: C4H6","version":"00.00.005","lastChange":"2020-09-28T21:18:33.326+05:30","category":{"@type":"Category","@id":"038095b2-75fe-33b1-aa7f-5d74b7bb38fa","name":"lower stratosphere + upper troposphere","categoryPath":["Elementary flows","Emission to air"],"categoryType":"Flow"},"flowType":"ELEMENTARY_FLOW","cas":"000106-99-0","infrastructureFlow":false,"flowProperties":[{"@type":"FlowPropertyFactor","referenceFlowProperty":true,"flowProperty":{"@type":"FlowProperty","@id":"93a60a56-a3c8-11da-a746-0800200b9a66","name":"Mass","categoryPath":["Technical flow properties"]},"conversionFactor":1.0}]}