{"@context":"http://greendelta.github.io/olca-schema/context.jsonld","@type":"Flow","@id":"91f895af-5063-4291-a255-0a2ce7708c4a","name":"Thallium","description":"Formula: Tl","version":"00.00.002","lastChange":"2020-09-28T21:18:37.695+05:30","category":{"@type":"Category","@id":"e3eb990a-bf00-358a-aa44-453c07c8a464","name":"river","categoryPath":["Elementary flows","Emission to water"],"categoryType":"Flow"},"flowType":"ELEMENTARY_FLOW","cas":"007440-28-0","infrastructureFlow":false,"flowProperties":[{"@type":"FlowPropertyFactor","referenceFlowProperty":true,"flowProperty":{"@type":"FlowProperty","@id":"93a60a56-a3c8-11da-a746-0800200b9a66","name":"Mass","categoryPath":["Technical flow properties"]},"conversionFactor":1.0}]}