{"@context":"http://greendelta.github.io/olca-schema/context.jsonld","@type":"Flow","@id":"9854e081-33dc-489d-aca2-d164c87220da","name":"Gas, natural, 35 MJ per m3","version":"00.00.003","lastChange":"2020-07-14T15:37:58.519+05:30","category":{"@type":"Category","@id":"00b417ca-ff62-37ec-b1f9-3da9fa8a47a7","name":"unspecified","categoryPath":["Elementary flows","Resource"],"categoryType":"Flow"},"flowType":"ELEMENTARY_FLOW","cas":"008006-14-2","infrastructureFlow":false,"flowProperties":[{"@type":"FlowPropertyFactor","referenceFlowProperty":true,"flowProperty":{"@type":"FlowProperty","@id":"93a60a56-a3c8-22da-a746-0800200c9a66","name":"Volume","categoryPath":["Technical flow properties"]},"conversionFactor":1.0}]}