{"@context":"http://greendelta.github.io/olca-schema/context.jsonld","@type":"Flow","@id":"98cd6edb-b98e-42f7-998d-ef7ae45189e7","name":"Fenitrothion","version":"00.00.005","lastChange":"2020-07-14T15:37:56.630+05:30","category":{"@type":"Category","@id":"fab13f44-02b6-39d4-b75b-1fef2146c199","name":"unspecified","categoryPath":["Elementary flows","Emission to water"],"categoryType":"Flow"},"flowType":"ELEMENTARY_FLOW","cas":"000122-14-5","infrastructureFlow":false,"flowProperties":[{"@type":"FlowPropertyFactor","referenceFlowProperty":true,"flowProperty":{"@type":"FlowProperty","@id":"93a60a56-a3c8-11da-a746-0800200b9a66","name":"Mass","categoryPath":["Technical flow properties"]},"conversionFactor":1.0}]}