{"@context":"http://greendelta.github.io/olca-schema/context.jsonld","@type":"Flow","@id":"99cd88f6-16b7-4b28-895c-2f42101f634b","name":"Barium","description":"EcoSpold 2 elementary exchange, ID \u003d 99cd88f6-16b7-4b28-895c-2f42101f634b","version":"00.00.000","category":{"@type":"Category","@id":"4c508829-289a-3d46-acae-8733673c0718","name":"unspecified","categoryPath":["Elementary flows","Emission to soil"],"categoryType":"Flow"},"flowType":"ELEMENTARY_FLOW","infrastructureFlow":false,"flowProperties":[{"@type":"FlowPropertyFactor","referenceFlowProperty":true,"flowProperty":{"@type":"FlowProperty","@id":"93a60a56-a3c8-11da-a746-0800200b9a66","name":"Mass","categoryPath":["Technical flow properties"]},"conversionFactor":1.0}]}