{"@context":"http://greendelta.github.io/olca-schema/context.jsonld","@type":"Flow","@id":"9e0e91e4-3747-43cd-bdc7-aeea80bad309","name":"Dichlorvos","version":"00.00.000","category":{"@type":"Category","@id":"07cff2fa-3a31-3f9f-9b2f-b531b3fd9133","name":"river, long-term","categoryPath":["Elementary flows","Emission to water"],"categoryType":"Flow"},"flowType":"ELEMENTARY_FLOW","cas":"000062-73-7","infrastructureFlow":false,"flowProperties":[{"@type":"FlowPropertyFactor","referenceFlowProperty":true,"flowProperty":{"@type":"FlowProperty","@id":"93a60a56-a3c8-11da-a746-0800200b9a66","name":"Mass","categoryPath":["Technical flow properties"]},"conversionFactor":1.0}]}