{"@context":"http://greendelta.github.io/olca-schema/context.jsonld","@type":"Flow","@id":"9e34a1ac-348e-474c-8e9f-d10831e96831","name":"Bifenthrin","version":"00.00.000","category":{"@type":"Category","@id":"9bd86b94-a190-33bb-83ba-bc8fad84acd4","name":"fossil-","categoryPath":["Elementary flows","Emission to water"],"categoryType":"Flow"},"flowType":"ELEMENTARY_FLOW","cas":"082657-04-3","formula":"C23H22ClF3O2","infrastructureFlow":false,"flowProperties":[{"@type":"FlowPropertyFactor","referenceFlowProperty":true,"flowProperty":{"@type":"FlowProperty","@id":"93a60a56-a3c8-11da-a746-0800200b9a66","name":"Mass","categoryPath":["Technical flow properties"]},"conversionFactor":1.0}]}