{"@context":"http://greendelta.github.io/olca-schema/context.jsonld","@type":"Flow","@id":"a3436836-e2fe-4c30-b9a7-0098b489374f","name":"Phenol","description":"EcoSpold 2 elementary exchange, ID \u003d a3436836-e2fe-4c30-b9a7-0098b489374f","version":"00.00.000","category":{"@type":"Category","@id":"bcf882d6-0577-3737-861a-539dae490716","name":"ocean","categoryPath":["Elementary flows","Emission to water"],"categoryType":"Flow"},"flowType":"ELEMENTARY_FLOW","infrastructureFlow":false,"flowProperties":[{"@type":"FlowPropertyFactor","referenceFlowProperty":true,"flowProperty":{"@type":"FlowProperty","@id":"93a60a56-a3c8-11da-a746-0800200b9a66","name":"Mass","categoryPath":["Technical flow properties"]},"conversionFactor":1.0}]}