{"@context":"http://greendelta.github.io/olca-schema/context.jsonld","@type":"Flow","@id":"a46a250e-297d-43e9-b1c4-052cdcfb79c5","name":"Vanadium, ion","description":"EcoSpold 2 elementary exchange, ID \u003d a46a250e-297d-43e9-b1c4-052cdcfb79c5","version":"00.00.000","category":{"@type":"Category","@id":"ac947fa6-2257-3eb0-9962-7ee8c2f051bd","name":"surface water","categoryPath":["Elementary flows","Emission to water"],"categoryType":"Flow"},"flowType":"ELEMENTARY_FLOW","infrastructureFlow":false,"flowProperties":[{"@type":"FlowPropertyFactor","referenceFlowProperty":true,"flowProperty":{"@type":"FlowProperty","@id":"93a60a56-a3c8-11da-a746-0800200b9a66","name":"Mass","categoryPath":["Technical flow properties"]},"conversionFactor":1.0}]}