{"@context":"http://greendelta.github.io/olca-schema/context.jsonld","@type":"Flow","@id":"a93979da-6c68-33b1-a5d3-a08b0388935e","name":"Coal, brown, 8 MJ per kg","description":"Higher heating value (HHV): 9.05 MJ/kg\nLower heating value (LHV): 8.00 MJ/kg","version":"00.00.002","lastChange":"2020-09-28T21:19:01.656+05:30","category":{"@type":"Category","@id":"8e6ddbf4-dcee-31e2-acd1-1f1c2694a66d","name":"in ground","categoryPath":["Elementary flows","Resource"],"categoryType":"Flow"},"flowType":"ELEMENTARY_FLOW","cas":"","infrastructureFlow":false,"flowProperties":[{"@type":"FlowPropertyFactor","referenceFlowProperty":true,"flowProperty":{"@type":"FlowProperty","@id":"93a60a56-a3c8-11da-a746-0800200b9a66","name":"Mass","categoryPath":["Technical flow properties"]},"conversionFactor":1.0}]}