{"@context":"http://greendelta.github.io/olca-schema/context.jsonld","@type":"Flow","@id":"a977e260-0b46-3dad-ae6e-d3db06fa7fef","name":"Energy, from sulfur","version":"00.00.003","lastChange":"2020-07-14T15:37:58.509+05:30","category":{"@type":"Category","@id":"00b417ca-ff62-37ec-b1f9-3da9fa8a47a7","name":"unspecified","categoryPath":["Elementary flows","Resource"],"categoryType":"Flow"},"flowType":"ELEMENTARY_FLOW","cas":"","infrastructureFlow":false,"flowProperties":[{"@type":"FlowPropertyFactor","referenceFlowProperty":true,"flowProperty":{"@type":"FlowProperty","@id":"f6811440-ee37-11de-8a39-0800200c9a66","name":"Energy","categoryPath":["Technical flow properties"]},"conversionFactor":1.0}]}