{"@context":"http://greendelta.github.io/olca-schema/context.jsonld","@type":"Flow","@id":"af21c4af-90b0-41b0-ab72-b1ebc1ef078c","name":"Ethylene oxide","description":"Formula: C2H4O","version":"00.00.002","lastChange":"2020-09-28T21:18:37.753+05:30","category":{"@type":"Category","@id":"e3eb990a-bf00-358a-aa44-453c07c8a464","name":"river","categoryPath":["Elementary flows","Emission to water"],"categoryType":"Flow"},"flowType":"ELEMENTARY_FLOW","cas":"000075-21-8","infrastructureFlow":false,"flowProperties":[{"@type":"FlowPropertyFactor","referenceFlowProperty":true,"flowProperty":{"@type":"FlowProperty","@id":"93a60a56-a3c8-11da-a746-0800200b9a66","name":"Mass","categoryPath":["Technical flow properties"]},"conversionFactor":1.0}]}