{"@context":"http://greendelta.github.io/olca-schema/context.jsonld","@type":"Flow","@id":"b01c02f3-088d-3795-a608-0d83370582d2","name":"Gas, petroleum, 35 MJ per m3","description":"Higher heating value (HHV): 38.9 MJ/m3\nLower heating value (LHV): 35 MJ/m3","version":"00.00.002","lastChange":"2020-09-28T21:19:01.625+05:30","category":{"@type":"Category","@id":"8e6ddbf4-dcee-31e2-acd1-1f1c2694a66d","name":"in ground","categoryPath":["Elementary flows","Resource"],"categoryType":"Flow"},"flowType":"ELEMENTARY_FLOW","cas":"","infrastructureFlow":false,"flowProperties":[{"@type":"FlowPropertyFactor","referenceFlowProperty":true,"flowProperty":{"@type":"FlowProperty","@id":"93a60a56-a3c8-22da-a746-0800200c9a66","name":"Volume","categoryPath":["Technical flow properties"]},"conversionFactor":1.0}]}