{"@context":"http://greendelta.github.io/olca-schema/context.jsonld","@type":"Flow","@id":"b097bb4f-b428-47ce-99e9-fbf309603cfe","name":"Chloridazon","version":"00.00.000","category":{"@type":"Category","@id":"16dd8091-78f7-3b9e-b9a6-cf888965eee5","name":"lake","categoryPath":["Elementary flows","Emission to water"],"categoryType":"Flow"},"flowType":"ELEMENTARY_FLOW","cas":"001698-60-8","infrastructureFlow":false,"flowProperties":[{"@type":"FlowPropertyFactor","referenceFlowProperty":true,"flowProperty":{"@type":"FlowProperty","@id":"93a60a56-a3c8-11da-a746-0800200b9a66","name":"Mass","categoryPath":["Technical flow properties"]},"conversionFactor":1.0}]}