{"@context":"http://greendelta.github.io/olca-schema/context.jsonld","@type":"Flow","@id":"b496b243-a25a-4401-a146-4a9f1f7f09df","name":"Phenol, 2-chloro-","version":"00.00.006","lastChange":"2020-07-14T15:37:30.901+05:30","category":{"@type":"Category","@id":"38e33019-f897-3977-be83-953478aa1db1","name":"agricultural","categoryPath":["Elementary flows","Emission to soil"],"categoryType":"Flow"},"flowType":"ELEMENTARY_FLOW","cas":"000095-57-8","infrastructureFlow":false,"flowProperties":[{"@type":"FlowPropertyFactor","referenceFlowProperty":true,"flowProperty":{"@type":"FlowProperty","@id":"93a60a56-a3c8-11da-a746-0800200b9a66","name":"Mass","categoryPath":["Technical flow properties"]},"conversionFactor":1.0}]}