{"@context":"http://greendelta.github.io/olca-schema/context.jsonld","@type":"Flow","@id":"b612133f-0c68-4e67-a749-9c18f828df77","name":"Coal, 18 MJ per kg, in ground","version":"00.00.002","lastChange":"2020-05-15T19:15:52.610+05:30","category":{"@type":"Category","@id":"8e6ddbf4-dcee-31e2-acd1-1f1c2694a66d","name":"in ground","categoryPath":["Elementary flows","Resource"],"categoryType":"Flow"},"flowType":"ELEMENTARY_FLOW","cas":"","infrastructureFlow":false,"flowProperties":[{"@type":"FlowPropertyFactor","referenceFlowProperty":true,"flowProperty":{"@type":"FlowProperty","@id":"93a60a56-a3c8-11da-a746-0800200b9a66","name":"Mass","categoryPath":["Technical flow properties"]},"conversionFactor":1.0}]}