{"@context":"http://greendelta.github.io/olca-schema/context.jsonld","@type":"Flow","@id":"b6dd2069-fc9a-46c2-abd1-fc80276a5698","name":"Captan","version":"00.00.008","lastChange":"2020-07-14T15:37:05.865+05:30","category":{"@type":"Category","@id":"52d41f57-0e7d-35cf-b4ea-7c9d6c2f9c28","name":"low population density","categoryPath":["Elementary flows","Emission to air"],"categoryType":"Flow"},"flowType":"ELEMENTARY_FLOW","cas":"000133-06-2","infrastructureFlow":false,"flowProperties":[{"@type":"FlowPropertyFactor","referenceFlowProperty":true,"flowProperty":{"@type":"FlowProperty","@id":"93a60a56-a3c8-11da-a746-0800200b9a66","name":"Mass","categoryPath":["Technical flow properties"]},"conversionFactor":1.0}]}