{"@context":"http://greendelta.github.io/olca-schema/context.jsonld","@type":"Flow","@id":"ba92adb0-868f-37dc-9521-d7e25d11fe35","name":"Gas, natural/kg","description":"Synonyms: Natural gas\n\nHigher heating value (HHV): 47.9 MJ/kg\nLower heating value (LHV): 43.1 MJ/kg","version":"00.00.002","lastChange":"2020-09-28T21:19:00.801+05:30","category":{"@type":"Category","@id":"00b417ca-ff62-37ec-b1f9-3da9fa8a47a7","name":"unspecified","categoryPath":["Elementary flows","Resource"],"categoryType":"Flow"},"flowType":"ELEMENTARY_FLOW","cas":"008006-14-2","infrastructureFlow":false,"flowProperties":[{"@type":"FlowPropertyFactor","referenceFlowProperty":true,"flowProperty":{"@type":"FlowProperty","@id":"93a60a56-a3c8-11da-a746-0800200b9a66","name":"Mass","categoryPath":["Technical flow properties"]},"conversionFactor":1.0}]}