{"@context":"http://greendelta.github.io/olca-schema/context.jsonld","@type":"Flow","@id":"bb2bf870-f3dd-49da-b23d-206e53baeb73","name":"Ethene, trichloro-","version":"00.00.006","lastChange":"2020-07-14T15:37:25.967+05:30","category":{"@type":"Category","@id":"14925643-01de-3292-b352-1baac77f1b0c","name":"industrial","categoryPath":["Elementary flows","Emission to soil"],"categoryType":"Flow"},"flowType":"ELEMENTARY_FLOW","cas":"000079-01-6","infrastructureFlow":false,"flowProperties":[{"@type":"FlowPropertyFactor","referenceFlowProperty":true,"flowProperty":{"@type":"FlowProperty","@id":"93a60a56-a3c8-11da-a746-0800200b9a66","name":"Mass","categoryPath":["Technical flow properties"]},"conversionFactor":1.0}]}