{"@context":"http://greendelta.github.io/olca-schema/context.jsonld","@type":"Flow","@id":"bcdbca38-c26c-4698-aee3-3c8ee2cd4a62","name":"Benzene, hexachloro-","version":"00.00.006","lastChange":"2020-07-14T15:37:19.195+05:30","category":{"@type":"Category","@id":"ef6245ae-a403-3934-8bae-39989587cc31","name":"forestry","categoryPath":["Elementary flows","Emission to soil"],"categoryType":"Flow"},"flowType":"ELEMENTARY_FLOW","cas":"000118-74-1","infrastructureFlow":false,"flowProperties":[{"@type":"FlowPropertyFactor","referenceFlowProperty":true,"flowProperty":{"@type":"FlowProperty","@id":"93a60a56-a3c8-11da-a746-0800200b9a66","name":"Mass","categoryPath":["Technical flow properties"]},"conversionFactor":1.0}]}