{"@context":"http://greendelta.github.io/olca-schema/context.jsonld","@type":"Flow","@id":"bece50c1-c5c9-4fa3-8668-aeb177f8a407","name":"Methane, bromo-, Halon 1001","version":"00.00.006","lastChange":"2020-07-14T15:37:30.733+05:30","category":{"@type":"Category","@id":"38e33019-f897-3977-be83-953478aa1db1","name":"agricultural","categoryPath":["Elementary flows","Emission to soil"],"categoryType":"Flow"},"flowType":"ELEMENTARY_FLOW","cas":"000074-83-9","infrastructureFlow":false,"flowProperties":[{"@type":"FlowPropertyFactor","referenceFlowProperty":true,"flowProperty":{"@type":"FlowProperty","@id":"93a60a56-a3c8-11da-a746-0800200b9a66","name":"Mass","categoryPath":["Technical flow properties"]},"conversionFactor":1.0}]}