{"@context":"http://greendelta.github.io/olca-schema/context.jsonld","@type":"Flow","@id":"c0f8b131-19e5-4787-9c2d-142378b08c2a","name":"Arsenic, ion","version":"00.00.000","category":{"@type":"Category","@id":"16dd8091-78f7-3b9e-b9a6-cf888965eee5","name":"lake","categoryPath":["Elementary flows","Emission to water"],"categoryType":"Flow"},"flowType":"ELEMENTARY_FLOW","cas":"017428-41-0","formula":"As5+","infrastructureFlow":false,"flowProperties":[{"@type":"FlowPropertyFactor","referenceFlowProperty":true,"flowProperty":{"@type":"FlowProperty","@id":"93a60a56-a3c8-11da-a746-0800200b9a66","name":"Mass","categoryPath":["Technical flow properties"]},"conversionFactor":1.0}]}