{"@context":"http://greendelta.github.io/olca-schema/context.jsonld","@type":"Flow","@id":"c1f7e4f7-a8a1-3b87-a88e-918c58f7b4f3","name":"Methylmercury","version":"00.00.005","lastChange":"2020-07-14T15:37:56.644+05:30","category":{"@type":"Category","@id":"fab13f44-02b6-39d4-b75b-1fef2146c199","name":"unspecified","categoryPath":["Elementary flows","Emission to water"],"categoryType":"Flow"},"flowType":"ELEMENTARY_FLOW","cas":"022967-92-6","infrastructureFlow":false,"flowProperties":[{"@type":"FlowPropertyFactor","referenceFlowProperty":true,"flowProperty":{"@type":"FlowProperty","@id":"93a60a56-a3c8-11da-a746-0800200b9a66","name":"Mass","categoryPath":["Technical flow properties"]},"conversionFactor":1.0}]}