{"@context":"http://greendelta.github.io/olca-schema/context.jsonld","@type":"Flow","@id":"c963b1c1-ef1f-33a0-9ce4-af41995e66ba","name":"Energy, from coal, brown","description":"Synonyms: Energy from lignite","version":"00.00.002","lastChange":"2020-09-28T21:19:00.889+05:30","category":{"@type":"Category","@id":"00b417ca-ff62-37ec-b1f9-3da9fa8a47a7","name":"unspecified","categoryPath":["Elementary flows","Resource"],"categoryType":"Flow"},"flowType":"ELEMENTARY_FLOW","cas":"","infrastructureFlow":false,"flowProperties":[{"@type":"FlowPropertyFactor","referenceFlowProperty":true,"flowProperty":{"@type":"FlowProperty","@id":"f6811440-ee37-11de-8a39-0800200c9a66","name":"Energy","categoryPath":["Technical flow properties"]},"conversionFactor":1.0}]}