{"@context":"http://greendelta.github.io/olca-schema/context.jsonld","@type":"Flow","@id":"cacc22dc-2711-46a2-bdf3-7e25675ab3a7","name":"Hydrogen fluoride","version":"00.00.000","category":{"@type":"Category","@id":"ef6245ae-a403-3934-8bae-39989587cc31","name":"forestry","categoryPath":["Elementary flows","Emission to soil"],"categoryType":"Flow"},"flowType":"ELEMENTARY_FLOW","cas":"007664-39-3","formula":"HF","infrastructureFlow":false,"flowProperties":[{"@type":"FlowPropertyFactor","referenceFlowProperty":true,"flowProperty":{"@type":"FlowProperty","@id":"93a60a56-a3c8-11da-a746-0800200b9a66","name":"Mass","categoryPath":["Technical flow properties"]},"conversionFactor":1.0}]}