{"@context":"http://greendelta.github.io/olca-schema/context.jsonld","@type":"Flow","@id":"cec69965-a131-444d-94ed-a00677f6ef13","name":"Coal, 29.3 MJ per kg","version":"00.00.003","lastChange":"2020-07-14T15:37:58.516+05:30","category":{"@type":"Category","@id":"00b417ca-ff62-37ec-b1f9-3da9fa8a47a7","name":"unspecified","categoryPath":["Elementary flows","Resource"],"categoryType":"Flow"},"flowType":"ELEMENTARY_FLOW","cas":"","infrastructureFlow":false,"flowProperties":[{"@type":"FlowPropertyFactor","referenceFlowProperty":true,"flowProperty":{"@type":"FlowProperty","@id":"93a60a56-a3c8-11da-a746-0800200b9a66","name":"Mass","categoryPath":["Technical flow properties"]},"conversionFactor":1.0}]}