{"@context":"http://greendelta.github.io/olca-schema/context.jsonld","@type":"Flow","@id":"d273ad44-cce7-40c2-9fbe-77c7be2a66c3","name":"Energy, unspecified","version":"00.00.003","lastChange":"2020-07-14T15:37:57.312+05:30","category":{"@type":"Category","@id":"8e6ddbf4-dcee-31e2-acd1-1f1c2694a66d","name":"in ground","categoryPath":["Elementary flows","Resource"],"categoryType":"Flow"},"flowType":"ELEMENTARY_FLOW","cas":"","infrastructureFlow":false,"flowProperties":[{"@type":"FlowPropertyFactor","referenceFlowProperty":true,"flowProperty":{"@type":"FlowProperty","@id":"f6811440-ee37-11de-8a39-0800200c9a66","name":"Energy","categoryPath":["Technical flow properties"]},"conversionFactor":1.0}]}