{"@context":"http://greendelta.github.io/olca-schema/context.jsonld","@type":"Flow","@id":"d2d681fa-4109-4fcd-9261-7b47132ea417","name":"Nickel","description":"Formula: Ni","version":"00.00.003","lastChange":"2020-09-28T21:18:36.487+05:30","category":{"@type":"Category","@id":"e3804097-c37d-3ae2-9b0b-a4acc407e6e2","name":"ground water, long-term","categoryPath":["Elementary flows","Emission to water"],"categoryType":"Flow"},"flowType":"ELEMENTARY_FLOW","cas":"007440-02-0","infrastructureFlow":false,"flowProperties":[{"@type":"FlowPropertyFactor","referenceFlowProperty":true,"flowProperty":{"@type":"FlowProperty","@id":"93a60a56-a3c8-11da-a746-0800200b9a66","name":"Mass","categoryPath":["Technical flow properties"]},"conversionFactor":1.0}]}