{"@context":"http://greendelta.github.io/olca-schema/context.jsonld","@type":"Flow","@id":"d3264704-e32e-4afa-a782-a608f0c08ebb","name":"Pirimicarb","version":"00.00.000","category":{"@type":"Category","@id":"755f4639-b7b4-347c-bf49-d107b88f20f8","name":"fresh water","categoryPath":["Elementary flows","Emission to water"],"categoryType":"Flow"},"flowType":"ELEMENTARY_FLOW","cas":"023103-98-2","infrastructureFlow":false,"flowProperties":[{"@type":"FlowPropertyFactor","referenceFlowProperty":true,"flowProperty":{"@type":"FlowProperty","@id":"93a60a56-a3c8-11da-a746-0800200b9a66","name":"Mass","categoryPath":["Technical flow properties"]},"conversionFactor":1.0}]}