{"@context":"http://greendelta.github.io/olca-schema/context.jsonld","@type":"Flow","@id":"d508c71c-0761-421a-89e2-eb408051fe37","name":"Gas, natural, feedstock, 46.8 MJ per kg","version":"00.00.003","lastChange":"2020-07-14T15:37:58.486+05:30","category":{"@type":"Category","@id":"00b417ca-ff62-37ec-b1f9-3da9fa8a47a7","name":"unspecified","categoryPath":["Elementary flows","Resource"],"categoryType":"Flow"},"flowType":"ELEMENTARY_FLOW","cas":"008006-14-2","infrastructureFlow":false,"flowProperties":[{"@type":"FlowPropertyFactor","referenceFlowProperty":true,"flowProperty":{"@type":"FlowProperty","@id":"93a60a56-a3c8-11da-a746-0800200b9a66","name":"Mass","categoryPath":["Technical flow properties"]},"conversionFactor":1.0}]}