{"@context":"http://greendelta.github.io/olca-schema/context.jsonld","@type":"Flow","@id":"d86d9085-975a-4212-9553-8bde88eb3c9f","name":"Phthalate, dioctyl-","description":"Formula: C24H38O4","version":"00.00.002","lastChange":"2020-09-28T21:18:36.981+05:30","category":{"@type":"Category","@id":"fab13f44-02b6-39d4-b75b-1fef2146c199","name":"unspecified","categoryPath":["Elementary flows","Emission to water"],"categoryType":"Flow"},"flowType":"ELEMENTARY_FLOW","cas":"000117-81-7","infrastructureFlow":false,"flowProperties":[{"@type":"FlowPropertyFactor","referenceFlowProperty":true,"flowProperty":{"@type":"FlowProperty","@id":"93a60a56-a3c8-11da-a746-0800200b9a66","name":"Mass","categoryPath":["Technical flow properties"]},"conversionFactor":1.0}]}