{"@context":"http://greendelta.github.io/olca-schema/context.jsonld","@type":"Flow","@id":"d90202dd-6e2d-4d39-9e98-66a56c2c7e48","name":"Propoxur","version":"00.00.006","lastChange":"2020-07-14T15:37:24.132+05:30","category":{"@type":"Category","@id":"14925643-01de-3292-b352-1baac77f1b0c","name":"industrial","categoryPath":["Elementary flows","Emission to soil"],"categoryType":"Flow"},"flowType":"ELEMENTARY_FLOW","cas":"000114-26-1","infrastructureFlow":false,"flowProperties":[{"@type":"FlowPropertyFactor","referenceFlowProperty":true,"flowProperty":{"@type":"FlowProperty","@id":"93a60a56-a3c8-11da-a746-0800200b9a66","name":"Mass","categoryPath":["Technical flow properties"]},"conversionFactor":1.0}]}