{"@context":"http://greendelta.github.io/olca-schema/context.jsonld","@type":"Flow","@id":"da5a4e16-d249-3040-850d-9d84824f93df","name":"Acrylonitrile","version":"00.00.007","lastChange":"2020-07-14T15:37:10.272+05:30","category":{"@type":"Category","@id":"4c877605-493a-33bd-aa79-d115719d9b01","name":"indoor","categoryPath":["Elementary flows","Emission to air"],"categoryType":"Flow"},"flowType":"ELEMENTARY_FLOW","cas":"000107-13-1","infrastructureFlow":false,"flowProperties":[{"@type":"FlowPropertyFactor","referenceFlowProperty":true,"flowProperty":{"@type":"FlowProperty","@id":"93a60a56-a3c8-11da-a746-0800200b9a66","name":"Mass","categoryPath":["Technical flow properties"]},"conversionFactor":1.0}]}