{"@context":"http://greendelta.github.io/olca-schema/context.jsonld","@type":"Flow","@id":"dd9be6f3-3f38-3834-93b1-cf98b8f03d9e","name":"Coal, brown, 8 MJ per kg","version":"00.00.003","lastChange":"2020-07-14T15:37:58.524+05:30","category":{"@type":"Category","@id":"00b417ca-ff62-37ec-b1f9-3da9fa8a47a7","name":"unspecified","categoryPath":["Elementary flows","Resource"],"categoryType":"Flow"},"flowType":"ELEMENTARY_FLOW","cas":"","infrastructureFlow":false,"flowProperties":[{"@type":"FlowPropertyFactor","referenceFlowProperty":true,"flowProperty":{"@type":"FlowProperty","@id":"93a60a56-a3c8-11da-a746-0800200b9a66","name":"Mass","categoryPath":["Technical flow properties"]},"conversionFactor":1.0}]}