{"@context":"http://greendelta.github.io/olca-schema/context.jsonld","@type":"Flow","@id":"e44bd4f4-a220-4f3f-9c22-51a3cdb83e0e","name":"Iprodione","version":"00.00.005","lastChange":"2020-07-14T15:37:56.521+05:30","category":{"@type":"Category","@id":"fab13f44-02b6-39d4-b75b-1fef2146c199","name":"unspecified","categoryPath":["Elementary flows","Emission to water"],"categoryType":"Flow"},"flowType":"ELEMENTARY_FLOW","cas":"036734-19-7","infrastructureFlow":false,"flowProperties":[{"@type":"FlowPropertyFactor","referenceFlowProperty":true,"flowProperty":{"@type":"FlowProperty","@id":"93a60a56-a3c8-11da-a746-0800200b9a66","name":"Mass","categoryPath":["Technical flow properties"]},"conversionFactor":1.0}]}