{"@context":"http://greendelta.github.io/olca-schema/context.jsonld","@type":"Flow","@id":"e47d3de4-eeb9-4aca-a692-5e1a72b54dcc","name":"Oil, crude, 38400 MJ per m3, in ground","version":"00.00.002","lastChange":"2020-05-15T19:15:52.797+05:30","category":{"@type":"Category","@id":"8e6ddbf4-dcee-31e2-acd1-1f1c2694a66d","name":"in ground","categoryPath":["Elementary flows","Resource"],"categoryType":"Flow"},"flowType":"ELEMENTARY_FLOW","cas":"","infrastructureFlow":false,"flowProperties":[{"@type":"FlowPropertyFactor","referenceFlowProperty":true,"flowProperty":{"@type":"FlowProperty","@id":"93a60a56-a3c8-22da-a746-0800200c9a66","name":"Volume","categoryPath":["Technical flow properties"]},"conversionFactor":1.0}]}