{"@context":"http://greendelta.github.io/olca-schema/context.jsonld","@type":"Flow","@id":"ed5c032f-fb99-3e66-a590-0c007326efa5","name":"Gas, off-gas, oil production","description":"Higher heating value (HHV): 39.8 MJ/m3\nLower heating value (LHV): 35.8 MJ/m3","version":"00.00.002","lastChange":"2020-09-28T21:19:01.623+05:30","category":{"@type":"Category","@id":"8e6ddbf4-dcee-31e2-acd1-1f1c2694a66d","name":"in ground","categoryPath":["Elementary flows","Resource"],"categoryType":"Flow"},"flowType":"ELEMENTARY_FLOW","cas":"","infrastructureFlow":false,"flowProperties":[{"@type":"FlowPropertyFactor","referenceFlowProperty":true,"flowProperty":{"@type":"FlowProperty","@id":"93a60a56-a3c8-22da-a746-0800200c9a66","name":"Volume","categoryPath":["Technical flow properties"]},"conversionFactor":1.0}]}