{"@context":"http://greendelta.github.io/olca-schema/context.jsonld","@type":"Flow","@id":"f253e3b6-952c-37e7-abb2-b1f13b910033","name":"Benzene, 1,2,3-trichloro-","version":"00.00.006","lastChange":"2020-07-14T15:37:44.204+05:30","category":{"@type":"Category","@id":"e3804097-c37d-3ae2-9b0b-a4acc407e6e2","name":"ground water, long-term","categoryPath":["Elementary flows","Emission to water"],"categoryType":"Flow"},"flowType":"ELEMENTARY_FLOW","cas":"000087-61-6","infrastructureFlow":false,"flowProperties":[{"@type":"FlowPropertyFactor","referenceFlowProperty":true,"flowProperty":{"@type":"FlowProperty","@id":"93a60a56-a3c8-11da-a746-0800200b9a66","name":"Mass","categoryPath":["Technical flow properties"]},"conversionFactor":1.0}]}