{"@context":"http://greendelta.github.io/olca-schema/context.jsonld","@type":"Flow","@id":"f2f1a5eb-de1e-42fe-ad80-60a255185ba9","name":"Thallium","description":"EcoSpold 2 elementary exchange, ID \u003d f2f1a5eb-de1e-42fe-ad80-60a255185ba9","version":"00.00.000","category":{"@type":"Category","@id":"bba51547-77d9-3c3a-a99b-19a89cabe6fc","name":"low population density, long-term","categoryPath":["Elementary flows","Emission to air"],"categoryType":"Flow"},"flowType":"ELEMENTARY_FLOW","infrastructureFlow":false,"flowProperties":[{"@type":"FlowPropertyFactor","referenceFlowProperty":true,"flowProperty":{"@type":"FlowProperty","@id":"93a60a56-a3c8-11da-a746-0800200b9a66","name":"Mass","categoryPath":["Technical flow properties"]},"conversionFactor":1.0}]}