{"@context":"http://greendelta.github.io/olca-schema/context.jsonld","@type":"Flow","@id":"f563b90e-a300-4403-b278-d2fdcd73e5a7","name":"Tin","description":"EcoSpold 2 elementary exchange, ID \u003d f563b90e-a300-4403-b278-d2fdcd73e5a7","version":"00.00.000","category":{"@type":"Category","@id":"52d41f57-0e7d-35cf-b4ea-7c9d6c2f9c28","name":"low population density","categoryPath":["Elementary flows","Emission to air"],"categoryType":"Flow"},"flowType":"ELEMENTARY_FLOW","infrastructureFlow":false,"flowProperties":[{"@type":"FlowPropertyFactor","referenceFlowProperty":true,"flowProperty":{"@type":"FlowProperty","@id":"93a60a56-a3c8-11da-a746-0800200b9a66","name":"Mass","categoryPath":["Technical flow properties"]},"conversionFactor":1.0}]}