{"@context":"http://greendelta.github.io/olca-schema/context.jsonld","@type":"Flow","@id":"f6bbb331-7bb5-4513-9f44-a346bf0baf7f","name":"Copper","description":"Formula: Cu","version":"00.00.002","lastChange":"2020-09-28T21:18:36.137+05:30","category":{"@type":"Category","@id":"16dd8091-78f7-3b9e-b9a6-cf888965eee5","name":"lake","categoryPath":["Elementary flows","Emission to water"],"categoryType":"Flow"},"flowType":"ELEMENTARY_FLOW","cas":"007440-50-8","infrastructureFlow":false,"flowProperties":[{"@type":"FlowPropertyFactor","referenceFlowProperty":true,"flowProperty":{"@type":"FlowProperty","@id":"93a60a56-a3c8-11da-a746-0800200b9a66","name":"Mass","categoryPath":["Technical flow properties"]},"conversionFactor":1.0}]}