{"@context":"http://greendelta.github.io/olca-schema/context.jsonld","@type":"Flow","@id":"feae52e5-87fa-4aae-8dcd-9cf586a39b4c","name":"Dimethoate","version":"00.00.000","category":{"@type":"Category","@id":"16dd8091-78f7-3b9e-b9a6-cf888965eee5","name":"lake","categoryPath":["Elementary flows","Emission to water"],"categoryType":"Flow"},"flowType":"ELEMENTARY_FLOW","cas":"000060-51-5","infrastructureFlow":false,"flowProperties":[{"@type":"FlowPropertyFactor","referenceFlowProperty":true,"flowProperty":{"@type":"FlowProperty","@id":"93a60a56-a3c8-11da-a746-0800200b9a66","name":"Mass","categoryPath":["Technical flow properties"]},"conversionFactor":1.0}]}