{"@context":"http://greendelta.github.io/olca-schema/context.jsonld","@type":"Flow","@id":"feed8976-02f5-465a-ae64-6eebd88345fb","name":"Styrene","version":"00.00.000","category":{"@type":"Category","@id":"44c00cf2-fa62-34b8-802b-4889d283c3ba","name":"fresh water, long-term","categoryPath":["Elementary flows","Emission to water"],"categoryType":"Flow"},"flowType":"ELEMENTARY_FLOW","cas":"000100-42-5","infrastructureFlow":false,"flowProperties":[{"@type":"FlowPropertyFactor","referenceFlowProperty":true,"flowProperty":{"@type":"FlowProperty","@id":"93a60a56-a3c8-11da-a746-0800200b9a66","name":"Mass","categoryPath":["Technical flow properties"]},"conversionFactor":1.0}]}