{"@context":"http://greendelta.github.io/olca-schema/context.jsonld","@type":"ImpactCategory","@id":"a30f30eb-d5ff-3051-80f2-2f789db52886","name":"Abiotic depletion (fossil fuels)","version":"00.00.000","referenceUnitName":"MJ","impactFactors":[{"@type":"ImpactFactor","value":1.0,"flow":{"@type":"Flow","@id":"08386c0e-decf-4125-8bde-dfd8c07bb798","name":"Energy, unspecified","categoryPath":["Elementary flows","Resource","unspecified"],"flowType":"ELEMENTARY_FLOW","refUnit":"MJ"},"unit":{"@type":"Unit","@id":"52765a6c-3896-43c2-b2f4-c679acf13efe","name":"MJ"},"flowProperty":{"@type":"FlowProperty","@id":"f6811440-ee37-11de-8a39-0800200c9a66","name":"Energy","categoryPath":["Technical flow properties"]}},{"@type":"ImpactFactor","value":46.8,"flow":{"@type":"Flow","@id":"7ae398b4-8532-11e0-9d78-0800200c9a66","name":"Gas, natural, 46.8 MJ per kg","categoryPath":["Elementary flows","Resource","in ground"],"flowType":"ELEMENTARY_FLOW","refUnit":"kg"},"unit":{"@type":"Unit","@id":"20aadc24-a391-41cf-b340-3e4529f44bde","name":"kg"},"flowProperty":{"@type":"FlowProperty","@id":"93a60a56-a3c8-11da-a746-0800200b9a66","name":"Mass","categoryPath":["Technical flow properties"]}},{"@type":"ImpactFactor","value":8.75,"flow":{"@type":"Flow","@id":"024c9722-1e88-412b-8c4b-10c532be8dca","name":"Coal, brown, in ground","categoryPath":["Elementary flows","Resource","in ground"],"flowType":"ELEMENTARY_FLOW","refUnit":"kg"},"unit":{"@type":"Unit","@id":"20aadc24-a391-41cf-b340-3e4529f44bde","name":"kg"},"flowProperty":{"@type":"FlowProperty","@id":"93a60a56-a3c8-11da-a746-0800200b9a66","name":"Mass","categoryPath":["Technical flow properties"]}},{"@type":"ImpactFactor","value":35.85,"flow":{"@type":"Flow","@id":"78f765aa-0178-3a2e-b72e-1a2c99779265","name":"Gas, off-gas, oil production","categoryPath":["Elementary flows","Resource","unspecified"],"flowType":"ELEMENTARY_FLOW","refUnit":"m3"},"unit":{"@type":"Unit","@id":"1c3a9695-398d-4b1f-b07e-a8715b610f70","name":"m3"},"flowProperty":{"@type":"FlowProperty","@id":"93a60a56-a3c8-22da-a746-0800200c9a66","name":"Volume","categoryPath":["Technical flow properties"]}},{"@type":"ImpactFactor","value":8.75,"flow":{"@type":"Flow","@id":"c5f0467d-ea04-49db-ae3a-ee4c90a0394e","name":"Coal, brown","categoryPath":["Elementary flows","Resource","unspecified"],"flowType":"ELEMENTARY_FLOW","refUnit":"kg"},"unit":{"@type":"Unit","@id":"20aadc24-a391-41cf-b340-3e4529f44bde","name":"kg"},"flowProperty":{"@type":"FlowProperty","@id":"93a60a56-a3c8-11da-a746-0800200b9a66","name":"Mass","categoryPath":["Technical flow properties"]}},{"@type":"ImpactFactor","value":41.0,"flow":{"@type":"Flow","@id":"e0e52d2d-4d09-315e-b523-b829baf8121d","name":"Oil, crude, feedstock, 41 MJ per kg","categoryPath":["Elementary flows","Resource","unspecified"],"flowType":"ELEMENTARY_FLOW","refUnit":"kg"},"unit":{"@type":"Unit","@id":"20aadc24-a391-41cf-b340-3e4529f44bde","name":"kg"},"flowProperty":{"@type":"FlowProperty","@id":"93a60a56-a3c8-11da-a746-0800200b9a66","name":"Mass","categoryPath":["Technical flow properties"]}},{"@type":"ImpactFactor","value":41.0,"flow":{"@type":"Flow","@id":"01918e03-46b5-4d15-9e48-01e3332859cc","name":"Oil, crude, 41 MJ per kg, in ground","categoryPath":["Elementary flows","Resource","unspecified"],"flowType":"ELEMENTARY_FLOW","refUnit":"kg"},"unit":{"@type":"Unit","@id":"20aadc24-a391-41cf-b340-3e4529f44bde","name":"kg"},"flowProperty":{"@type":"FlowProperty","@id":"93a60a56-a3c8-11da-a746-0800200b9a66","name":"Mass","categoryPath":["Technical flow properties"]}},{"@type":"ImpactFactor","value":35.0,"flow":{"@type":"Flow","@id":"bcf19d0b-b0d3-332d-a510-848c4f55a5e2","name":"Gas, petroleum, 35 MJ per m3, in ground","categoryPath":["Elementary flows","Resource","in ground"],"flowType":"ELEMENTARY_FLOW","refUnit":"m3"},"unit":{"@type":"Unit","@id":"1c3a9695-398d-4b1f-b07e-a8715b610f70","name":"m3"},"flowProperty":{"@type":"FlowProperty","@id":"93a60a56-a3c8-22da-a746-0800200c9a66","name":"Volume","categoryPath":["Technical flow properties"]}},{"@type":"ImpactFactor","value":50.0,"flow":{"@type":"Flow","@id":"5b524c90-9008-420f-a5dc-4a9843a3a724","name":"Methane","categoryPath":["Elementary flows","Resource","in ground"],"flowType":"ELEMENTARY_FLOW","refUnit":"kg"},"unit":{"@type":"Unit","@id":"20aadc24-a391-41cf-b340-3e4529f44bde","name":"kg"},"flowProperty":{"@type":"FlowProperty","@id":"93a60a56-a3c8-11da-a746-0800200b9a66","name":"Mass","categoryPath":["Technical flow properties"]}},{"@type":"ImpactFactor","value":35.0,"flow":{"@type":"Flow","@id":"9854e081-33dc-489d-aca2-d164c87220da","name":"Gas, natural, 35 MJ per m3","categoryPath":["Elementary flows","Resource","unspecified"],"flowType":"ELEMENTARY_FLOW","refUnit":"m3"},"unit":{"@type":"Unit","@id":"1c3a9695-398d-4b1f-b07e-a8715b610f70","name":"m3"},"flowProperty":{"@type":"FlowProperty","@id":"93a60a56-a3c8-22da-a746-0800200c9a66","name":"Volume","categoryPath":["Technical flow properties"]}},{"@type":"ImpactFactor","value":18.16,"flow":{"@type":"Flow","@id":"55c0da10-4977-3302-a190-63962ad16cbf","name":"Coal, hard","categoryPath":["Elementary flows","Resource","unspecified"],"flowType":"ELEMENTARY_FLOW","refUnit":"kg"},"unit":{"@type":"Unit","@id":"20aadc24-a391-41cf-b340-3e4529f44bde","name":"kg"},"flowProperty":{"@type":"FlowProperty","@id":"93a60a56-a3c8-11da-a746-0800200b9a66","name":"Mass","categoryPath":["Technical flow properties"]}},{"@type":"ImpactFactor","value":43.2,"flow":{"@type":"Flow","@id":"88d06db9-59a1-4719-9174-afeb1fa4026a","name":"Oil, crude, in ground","categoryPath":["Elementary flows","Resource","in ground"],"flowType":"ELEMENTARY_FLOW","refUnit":"kg"},"unit":{"@type":"Unit","@id":"20aadc24-a391-41cf-b340-3e4529f44bde","name":"kg"},"flowProperty":{"@type":"FlowProperty","@id":"93a60a56-a3c8-11da-a746-0800200b9a66","name":"Mass","categoryPath":["Technical flow properties"]}},{"@type":"ImpactFactor","value":1.0,"flow":{"@type":"Flow","@id":"d273ad44-cce7-40c2-9fbe-77c7be2a66c3","name":"Energy, unspecified","categoryPath":["Elementary flows","Resource","in ground"],"flowType":"ELEMENTARY_FLOW","refUnit":"MJ"},"unit":{"@type":"Unit","@id":"52765a6c-3896-43c2-b2f4-c679acf13efe","name":"MJ"},"flowProperty":{"@type":"FlowProperty","@id":"f6811440-ee37-11de-8a39-0800200c9a66","name":"Energy","categoryPath":["Technical flow properties"]}},{"@type":"ImpactFactor","value":24.8,"flow":{"@type":"Flow","@id":"a23a7124-2817-421d-9a0f-6ed680978fde","name":"Coal, bituminous, 24.8 MJ per kg","categoryPath":["Elementary flows","Resource","unspecified"],"flowType":"ELEMENTARY_FLOW","refUnit":"kg"},"unit":{"@type":"Unit","@id":"20aadc24-a391-41cf-b340-3e4529f44bde","name":"kg"},"flowProperty":{"@type":"FlowProperty","@id":"93a60a56-a3c8-11da-a746-0800200b9a66","name":"Mass","categoryPath":["Technical flow properties"]}},{"@type":"ImpactFactor","value":26.4,"flow":{"@type":"Flow","@id":"c447e6a9-1e2e-343e-8b6d-6eee1a32e533","name":"Coal, feedstock, 26.4 MJ per kg","categoryPath":["Elementary flows","Resource","in ground"],"flowType":"ELEMENTARY_FLOW","refUnit":"kg"},"unit":{"@type":"Unit","@id":"20aadc24-a391-41cf-b340-3e4529f44bde","name":"kg"},"flowProperty":{"@type":"FlowProperty","@id":"93a60a56-a3c8-11da-a746-0800200b9a66","name":"Mass","categoryPath":["Technical flow properties"]}},{"@type":"ImpactFactor","value":1.0,"flow":{"@type":"Flow","@id":"65b57348-143d-3f95-9229-9c6999296d04","name":"Energy, from oil","categoryPath":["Elementary flows","Resource","in ground"],"flowType":"ELEMENTARY_FLOW","refUnit":"MJ"},"unit":{"@type":"Unit","@id":"52765a6c-3896-43c2-b2f4-c679acf13efe","name":"MJ"},"flowProperty":{"@type":"FlowProperty","@id":"f6811440-ee37-11de-8a39-0800200c9a66","name":"Energy","categoryPath":["Technical flow properties"]}},{"@type":"ImpactFactor","value":36.6,"flow":{"@type":"Flow","@id":"35009b58-7a33-41aa-a15e-95b37717842b","name":"Gas, natural, 36.6 MJ per m3","categoryPath":["Elementary flows","Resource","unspecified"],"flowType":"ELEMENTARY_FLOW","refUnit":"m3"},"unit":{"@type":"Unit","@id":"1c3a9695-398d-4b1f-b07e-a8715b610f70","name":"m3"},"flowProperty":{"@type":"FlowProperty","@id":"93a60a56-a3c8-22da-a746-0800200c9a66","name":"Volume","categoryPath":["Technical flow properties"]}},{"@type":"ImpactFactor","value":43.2,"flow":{"@type":"Flow","@id":"55031fb3-9c72-4bcc-b320-e190790bbc74","name":"Oil, crude","categoryPath":["Elementary flows","Resource","unspecified"],"flowType":"ELEMENTARY_FLOW","refUnit":"kg"},"unit":{"@type":"Unit","@id":"20aadc24-a391-41cf-b340-3e4529f44bde","name":"kg"},"flowProperty":{"@type":"FlowProperty","@id":"93a60a56-a3c8-11da-a746-0800200b9a66","name":"Mass","categoryPath":["Technical flow properties"]}},{"@type":"ImpactFactor","value":41.0,"flow":{"@type":"Flow","@id":"88951df2-e064-468f-acd6-ae90c30b08ca","name":"Oil, crude, feedstock, 41 MJ per kg, in ground","categoryPath":["Elementary flows","Resource","in ground"],"flowType":"ELEMENTARY_FLOW","refUnit":"kg"},"unit":{"@type":"Unit","@id":"20aadc24-a391-41cf-b340-3e4529f44bde","name":"kg"},"flowProperty":{"@type":"FlowProperty","@id":"93a60a56-a3c8-11da-a746-0800200b9a66","name":"Mass","categoryPath":["Technical flow properties"]}},{"@type":"ImpactFactor","value":42.6,"flow":{"@type":"Flow","@id":"3a5a2032-f878-33dd-89d1-89272cb2d2dd","name":"Oil, crude, 42.6 MJ per kg","categoryPath":["Elementary flows","Resource","unspecified"],"flowType":"ELEMENTARY_FLOW","refUnit":"kg"},"unit":{"@type":"Unit","@id":"20aadc24-a391-41cf-b340-3e4529f44bde","name":"kg"},"flowProperty":{"@type":"FlowProperty","@id":"93a60a56-a3c8-11da-a746-0800200b9a66","name":"Mass","categoryPath":["Technical flow properties"]}},{"@type":"ImpactFactor","value":18.0,"flow":{"@type":"Flow","@id":"b612133f-0c68-4e67-a749-9c18f828df77","name":"Coal, 18 MJ per kg, in ground","categoryPath":["Elementary flows","Resource","in ground"],"flowType":"ELEMENTARY_FLOW","refUnit":"kg"},"unit":{"@type":"Unit","@id":"20aadc24-a391-41cf-b340-3e4529f44bde","name":"kg"},"flowProperty":{"@type":"FlowProperty","@id":"93a60a56-a3c8-11da-a746-0800200b9a66","name":"Mass","categoryPath":["Technical flow properties"]}},{"@type":"ImpactFactor","value":42.0,"flow":{"@type":"Flow","@id":"c1a1cd50-d4e8-32da-8864-7f4565b4076b","name":"Oil, crude, feedstock, 42 MJ per kg","categoryPath":["Elementary flows","Resource","unspecified"],"flowType":"ELEMENTARY_FLOW","refUnit":"kg"},"unit":{"@type":"Unit","@id":"20aadc24-a391-41cf-b340-3e4529f44bde","name":"kg"},"flowProperty":{"@type":"FlowProperty","@id":"93a60a56-a3c8-11da-a746-0800200b9a66","name":"Mass","categoryPath":["Technical flow properties"]}},{"@type":"ImpactFactor","value":10.0,"flow":{"@type":"Flow","@id":"007f79d8-5492-3378-a2cf-4de2cdd8a165","name":"Coal, brown, 10 MJ per kg, in ground","categoryPath":["Elementary flows","Resource","in ground"],"flowType":"ELEMENTARY_FLOW","refUnit":"kg"},"unit":{"@type":"Unit","@id":"20aadc24-a391-41cf-b340-3e4529f44bde","name":"kg"},"flowProperty":{"@type":"FlowProperty","@id":"93a60a56-a3c8-11da-a746-0800200b9a66","name":"Mass","categoryPath":["Technical flow properties"]}},{"@type":"ImpactFactor","value":41.0,"flow":{"@type":"Flow","@id":"7fe7f6f1-c9cb-4fe3-9322-a1194d5a7ce3","name":"Oil, crude, feedstock, 41 MJ per kg, in ground","categoryPath":["Elementary flows","Resource","unspecified"],"flowType":"ELEMENTARY_FLOW","refUnit":"kg"},"unit":{"@type":"Unit","@id":"20aadc24-a391-41cf-b340-3e4529f44bde","name":"kg"},"flowProperty":{"@type":"FlowProperty","@id":"93a60a56-a3c8-11da-a746-0800200b9a66","name":"Mass","categoryPath":["Technical flow properties"]}},{"@type":"ImpactFactor","value":41.0,"flow":{"@type":"Flow","@id":"499c30fe-0313-39d2-81a5-4677ec647e7e","name":"Oil, crude, 41 MJ per kg","categoryPath":["Elementary flows","Resource","unspecified"],"flowType":"ELEMENTARY_FLOW","refUnit":"kg"},"unit":{"@type":"Unit","@id":"20aadc24-a391-41cf-b340-3e4529f44bde","name":"kg"},"flowProperty":{"@type":"FlowProperty","@id":"93a60a56-a3c8-11da-a746-0800200b9a66","name":"Mass","categoryPath":["Technical flow properties"]}},{"@type":"ImpactFactor","value":35.85,"flow":{"@type":"Flow","@id":"72b01564-92f0-4d8e-ba33-80c71b19b113","name":"Gas, off-gas, oil production, in ground","categoryPath":["Elementary flows","Resource","unspecified"],"flowType":"ELEMENTARY_FLOW","refUnit":"m3"},"unit":{"@type":"Unit","@id":"1c3a9695-398d-4b1f-b07e-a8715b610f70","name":"m3"},"flowProperty":{"@type":"FlowProperty","@id":"93a60a56-a3c8-22da-a746-0800200c9a66","name":"Volume","categoryPath":["Technical flow properties"]}},{"@type":"ImpactFactor","value":1.0,"flow":{"@type":"Flow","@id":"bb7aa805-00c6-416a-9e93-4ee7b33671da","name":"Energy, from coal","categoryPath":["Elementary flows","Resource","in ground"],"flowType":"ELEMENTARY_FLOW","refUnit":"MJ"},"unit":{"@type":"Unit","@id":"52765a6c-3896-43c2-b2f4-c679acf13efe","name":"MJ"},"flowProperty":{"@type":"FlowProperty","@id":"f6811440-ee37-11de-8a39-0800200c9a66","name":"Energy","categoryPath":["Technical flow properties"]}},{"@type":"ImpactFactor","value":46.8,"flow":{"@type":"Flow","@id":"a816a3b7-0e97-43c4-992e-6a4028316699","name":"Gas, natural, 46.8 MJ per kg","categoryPath":["Elementary flows","Resource","unspecified"],"flowType":"ELEMENTARY_FLOW","refUnit":"kg"},"unit":{"@type":"Unit","@id":"20aadc24-a391-41cf-b340-3e4529f44bde","name":"kg"},"flowProperty":{"@type":"FlowProperty","@id":"93a60a56-a3c8-11da-a746-0800200b9a66","name":"Mass","categoryPath":["Technical flow properties"]}},{"@type":"ImpactFactor","value":26.4,"flow":{"@type":"Flow","@id":"7ae371af-8532-11e0-9d78-0800200c9a66","name":"Coal, 26.4 MJ per kg","categoryPath":["Elementary flows","Resource","in ground"],"flowType":"ELEMENTARY_FLOW","refUnit":"kg"},"unit":{"@type":"Unit","@id":"20aadc24-a391-41cf-b340-3e4529f44bde","name":"kg"},"flowProperty":{"@type":"FlowProperty","@id":"93a60a56-a3c8-11da-a746-0800200b9a66","name":"Mass","categoryPath":["Technical flow properties"]}},{"@type":"ImpactFactor","value":34.5,"flow":{"@type":"Flow","@id":"7c337428-fb1b-45c7-bbb2-2ee4d29e17ba","name":"Gas, natural, in ground","categoryPath":["Elementary flows","Resource","in ground"],"flowType":"ELEMENTARY_FLOW","refUnit":"m3"},"unit":{"@type":"Unit","@id":"1c3a9695-398d-4b1f-b07e-a8715b610f70","name":"m3"},"flowProperty":{"@type":"FlowProperty","@id":"93a60a56-a3c8-22da-a746-0800200c9a66","name":"Volume","categoryPath":["Technical flow properties"]}},{"@type":"ImpactFactor","value":26.4,"flow":{"@type":"Flow","@id":"ab131c31-ecd8-462c-ace9-3c4e9a9213e3","name":"Coal, feedstock, 26.4 MJ per kg, in ground","categoryPath":["Elementary flows","Resource","in ground"],"flowType":"ELEMENTARY_FLOW","refUnit":"kg"},"unit":{"@type":"Unit","@id":"20aadc24-a391-41cf-b340-3e4529f44bde","name":"kg"},"flowProperty":{"@type":"FlowProperty","@id":"93a60a56-a3c8-11da-a746-0800200b9a66","name":"Mass","categoryPath":["Technical flow properties"]}},{"@type":"ImpactFactor","value":50.0,"flow":{"@type":"Flow","@id":"8b9c9b8e-58a0-4e77-a0de-82d17cb44e59","name":"Methane","categoryPath":["Elementary flows","Resource","unspecified"],"flowType":"ELEMENTARY_FLOW","refUnit":"kg"},"unit":{"@type":"Unit","@id":"20aadc24-a391-41cf-b340-3e4529f44bde","name":"kg"},"flowProperty":{"@type":"FlowProperty","@id":"93a60a56-a3c8-11da-a746-0800200b9a66","name":"Mass","categoryPath":["Technical flow properties"]}},{"@type":"ImpactFactor","value":18.0,"flow":{"@type":"Flow","@id":"4fe0ec4c-3f18-360c-9f19-ee1cdef7aaa7","name":"Coal, 18 MJ per kg","categoryPath":["Elementary flows","Resource","in ground"],"flowType":"ELEMENTARY_FLOW","refUnit":"kg"},"unit":{"@type":"Unit","@id":"20aadc24-a391-41cf-b340-3e4529f44bde","name":"kg"},"flowProperty":{"@type":"FlowProperty","@id":"93a60a56-a3c8-11da-a746-0800200b9a66","name":"Mass","categoryPath":["Technical flow properties"]}},{"@type":"ImpactFactor","value":42.0,"flow":{"@type":"Flow","@id":"17fe5abb-4e12-3050-b173-f1fa379c757e","name":"Oil, crude, feedstock, 42 MJ per kg","categoryPath":["Elementary flows","Resource","in ground"],"flowType":"ELEMENTARY_FLOW","refUnit":"kg"},"unit":{"@type":"Unit","@id":"20aadc24-a391-41cf-b340-3e4529f44bde","name":"kg"},"flowProperty":{"@type":"FlowProperty","@id":"93a60a56-a3c8-11da-a746-0800200b9a66","name":"Mass","categoryPath":["Technical flow properties"]}},{"@type":"ImpactFactor","value":44.86,"flow":{"@type":"Flow","@id":"8cdcb4a5-5f12-4dd2-9fa4-15663ae85528","name":"Gas, mine, off-gas, process, coal mining/kg","categoryPath":["Elementary flows","Resource","in ground"],"flowType":"ELEMENTARY_FLOW","refUnit":"kg"},"unit":{"@type":"Unit","@id":"20aadc24-a391-41cf-b340-3e4529f44bde","name":"kg"},"flowProperty":{"@type":"FlowProperty","@id":"93a60a56-a3c8-11da-a746-0800200b9a66","name":"Mass","categoryPath":["Technical flow properties"]}},{"@type":"ImpactFactor","value":8.0,"flow":{"@type":"Flow","@id":"a93979da-6c68-33b1-a5d3-a08b0388935e","name":"Coal, brown, 8 MJ per kg","categoryPath":["Elementary flows","Resource","in ground"],"flowType":"ELEMENTARY_FLOW","refUnit":"kg"},"unit":{"@type":"Unit","@id":"20aadc24-a391-41cf-b340-3e4529f44bde","name":"kg"},"flowProperty":{"@type":"FlowProperty","@id":"93a60a56-a3c8-11da-a746-0800200b9a66","name":"Mass","categoryPath":["Technical flow properties"]}},{"@type":"ImpactFactor","value":1.0,"flow":{"@type":"Flow","@id":"7045c96d-7cef-33cf-8f3d-cf7198b6faab","name":"Energy, from coal, brown","categoryPath":["Elementary flows","Resource","in ground"],"flowType":"ELEMENTARY_FLOW","refUnit":"MJ"},"unit":{"@type":"Unit","@id":"52765a6c-3896-43c2-b2f4-c679acf13efe","name":"MJ"},"flowProperty":{"@type":"FlowProperty","@id":"f6811440-ee37-11de-8a39-0800200c9a66","name":"Energy","categoryPath":["Technical flow properties"]}},{"@type":"ImpactFactor","value":35.85,"flow":{"@type":"Flow","@id":"cad92813-6ec8-35c0-855b-5f3864fa77c3","name":"Gas, mine, off-gas, process, coal mining/m3","categoryPath":["Elementary flows","Resource","unspecified"],"flowType":"ELEMENTARY_FLOW","refUnit":"m3"},"unit":{"@type":"Unit","@id":"1c3a9695-398d-4b1f-b07e-a8715b610f70","name":"m3"},"flowProperty":{"@type":"FlowProperty","@id":"93a60a56-a3c8-22da-a746-0800200c9a66","name":"Volume","categoryPath":["Technical flow properties"]}},{"@type":"ImpactFactor","value":35.85,"flow":{"@type":"Flow","@id":"ed5c032f-fb99-3e66-a590-0c007326efa5","name":"Gas, off-gas, oil production","categoryPath":["Elementary flows","Resource","in ground"],"flowType":"ELEMENTARY_FLOW","refUnit":"m3"},"unit":{"@type":"Unit","@id":"1c3a9695-398d-4b1f-b07e-a8715b610f70","name":"m3"},"flowProperty":{"@type":"FlowProperty","@id":"93a60a56-a3c8-22da-a746-0800200c9a66","name":"Volume","categoryPath":["Technical flow properties"]}},{"@type":"ImpactFactor","value":1.0,"flow":{"@type":"Flow","@id":"334b9535-0044-302f-965a-26e6167e7b60","name":"Energy, from gas, natural","categoryPath":["Elementary flows","Resource","in ground"],"flowType":"ELEMENTARY_FLOW","refUnit":"MJ"},"unit":{"@type":"Unit","@id":"52765a6c-3896-43c2-b2f4-c679acf13efe","name":"MJ"},"flowProperty":{"@type":"FlowProperty","@id":"f6811440-ee37-11de-8a39-0800200c9a66","name":"Energy","categoryPath":["Technical flow properties"]}},{"@type":"ImpactFactor","value":42.0,"flow":{"@type":"Flow","@id":"0e652c80-3587-4af3-8c40-d6e6607f7ea8","name":"Oil, crude, feedstock, 42 MJ per kg, in ground","categoryPath":["Elementary flows","Resource","in ground"],"flowType":"ELEMENTARY_FLOW","refUnit":"kg"},"unit":{"@type":"Unit","@id":"20aadc24-a391-41cf-b340-3e4529f44bde","name":"kg"},"flowProperty":{"@type":"FlowProperty","@id":"93a60a56-a3c8-11da-a746-0800200b9a66","name":"Mass","categoryPath":["Technical flow properties"]}},{"@type":"ImpactFactor","value":30.3,"flow":{"@type":"Flow","@id":"5bea06b9-bffe-484a-815c-ff5d934b911b","name":"Gas, natural, 30.3 MJ per kg","categoryPath":["Elementary flows","Resource","unspecified"],"flowType":"ELEMENTARY_FLOW","refUnit":"kg"},"unit":{"@type":"Unit","@id":"20aadc24-a391-41cf-b340-3e4529f44bde","name":"kg"},"flowProperty":{"@type":"FlowProperty","@id":"93a60a56-a3c8-11da-a746-0800200b9a66","name":"Mass","categoryPath":["Technical flow properties"]}},{"@type":"ImpactFactor","value":8.0,"flow":{"@type":"Flow","@id":"71e1cd1c-c0f1-35dd-b0d8-fbc23850d056","name":"Coal, brown, 8 MJ per kg, in ground","categoryPath":["Elementary flows","Resource","in ground"],"flowType":"ELEMENTARY_FLOW","refUnit":"kg"},"unit":{"@type":"Unit","@id":"20aadc24-a391-41cf-b340-3e4529f44bde","name":"kg"},"flowProperty":{"@type":"FlowProperty","@id":"93a60a56-a3c8-11da-a746-0800200b9a66","name":"Mass","categoryPath":["Technical flow properties"]}},{"@type":"ImpactFactor","value":29.3,"flow":{"@type":"Flow","@id":"cec69965-a131-444d-94ed-a00677f6ef13","name":"Coal, 29.3 MJ per kg","categoryPath":["Elementary flows","Resource","unspecified"],"flowType":"ELEMENTARY_FLOW","refUnit":"kg"},"unit":{"@type":"Unit","@id":"20aadc24-a391-41cf-b340-3e4529f44bde","name":"kg"},"flowProperty":{"@type":"FlowProperty","@id":"93a60a56-a3c8-11da-a746-0800200b9a66","name":"Mass","categoryPath":["Technical flow properties"]}},{"@type":"ImpactFactor","value":42.7,"flow":{"@type":"Flow","@id":"7ff5e639-4e7e-4708-8947-c4d1c499d331","name":"Oil, crude, 42.7 MJ per kg","categoryPath":["Elementary flows","Resource","unspecified"],"flowType":"ELEMENTARY_FLOW","refUnit":"kg"},"unit":{"@type":"Unit","@id":"20aadc24-a391-41cf-b340-3e4529f44bde","name":"kg"},"flowProperty":{"@type":"FlowProperty","@id":"93a60a56-a3c8-11da-a746-0800200b9a66","name":"Mass","categoryPath":["Technical flow properties"]}},{"@type":"ImpactFactor","value":36.6,"flow":{"@type":"Flow","@id":"08d8474a-1b6a-42e4-b509-e9684d170ea1","name":"Gas, natural, 36.6 MJ per m3","categoryPath":["Elementary flows","Resource","in ground"],"flowType":"ELEMENTARY_FLOW","refUnit":"m3"},"unit":{"@type":"Unit","@id":"1c3a9695-398d-4b1f-b07e-a8715b610f70","name":"m3"},"flowProperty":{"@type":"FlowProperty","@id":"93a60a56-a3c8-22da-a746-0800200c9a66","name":"Volume","categoryPath":["Technical flow properties"]}},{"@type":"ImpactFactor","value":38400.0,"flow":{"@type":"Flow","@id":"76f1e69d-4a81-3589-86a8-56bb42226342","name":"Oil, crude, 38400 MJ per m3","categoryPath":["Elementary flows","Resource","unspecified"],"flowType":"ELEMENTARY_FLOW","refUnit":"m3"},"unit":{"@type":"Unit","@id":"1c3a9695-398d-4b1f-b07e-a8715b610f70","name":"m3"},"flowProperty":{"@type":"FlowProperty","@id":"93a60a56-a3c8-22da-a746-0800200c9a66","name":"Volume","categoryPath":["Technical flow properties"]}},{"@type":"ImpactFactor","value":35.85,"flow":{"@type":"Flow","@id":"5e94ceb8-e8ac-3a24-b02e-f24ad54a7393","name":"Gas, off-gas, oil production, in ground","categoryPath":["Elementary flows","Resource","in ground"],"flowType":"ELEMENTARY_FLOW","refUnit":"m3"},"unit":{"@type":"Unit","@id":"1c3a9695-398d-4b1f-b07e-a8715b610f70","name":"m3"},"flowProperty":{"@type":"FlowProperty","@id":"93a60a56-a3c8-22da-a746-0800200c9a66","name":"Volume","categoryPath":["Technical flow properties"]}},{"@type":"ImpactFactor","value":24.8,"flow":{"@type":"Flow","@id":"213fa9a5-5d8d-4990-9b38-f2c064161346","name":"Coal, bituminous, 24.8 MJ per kg","categoryPath":["Elementary flows","Resource","in ground"],"flowType":"ELEMENTARY_FLOW","refUnit":"kg"},"unit":{"@type":"Unit","@id":"20aadc24-a391-41cf-b340-3e4529f44bde","name":"kg"},"flowProperty":{"@type":"FlowProperty","@id":"93a60a56-a3c8-11da-a746-0800200b9a66","name":"Mass","categoryPath":["Technical flow properties"]}},{"@type":"ImpactFactor","value":1.0,"flow":{"@type":"Flow","@id":"6ce75e2f-5859-33d5-b738-84800e921a5f","name":"Energy, from gas, natural","categoryPath":["Elementary flows","Resource","unspecified"],"flowType":"ELEMENTARY_FLOW","refUnit":"MJ"},"unit":{"@type":"Unit","@id":"52765a6c-3896-43c2-b2f4-c679acf13efe","name":"MJ"},"flowProperty":{"@type":"FlowProperty","@id":"f6811440-ee37-11de-8a39-0800200c9a66","name":"Energy","categoryPath":["Technical flow properties"]}},{"@type":"ImpactFactor","value":42.0,"flow":{"@type":"Flow","@id":"897eac83-f116-4c80-9264-38916e1877e3","name":"Oil, crude, feedstock, 42 MJ per kg, in ground","categoryPath":["Elementary flows","Resource","unspecified"],"flowType":"ELEMENTARY_FLOW","refUnit":"kg"},"unit":{"@type":"Unit","@id":"20aadc24-a391-41cf-b340-3e4529f44bde","name":"kg"},"flowProperty":{"@type":"FlowProperty","@id":"93a60a56-a3c8-11da-a746-0800200b9a66","name":"Mass","categoryPath":["Technical flow properties"]}},{"@type":"ImpactFactor","value":34.5,"flow":{"@type":"Flow","@id":"57705642-2dff-46b4-a776-6ae778997801","name":"Gas, natural/m3","categoryPath":["Elementary flows","Resource","unspecified"],"flowType":"ELEMENTARY_FLOW","refUnit":"m3"},"unit":{"@type":"Unit","@id":"1c3a9695-398d-4b1f-b07e-a8715b610f70","name":"m3"},"flowProperty":{"@type":"FlowProperty","@id":"93a60a56-a3c8-22da-a746-0800200c9a66","name":"Volume","categoryPath":["Technical flow properties"]}},{"@type":"ImpactFactor","value":10.0,"flow":{"@type":"Flow","@id":"f56a886c-22ce-3c7b-a126-96a0c8b72378","name":"Coal, brown, 10 MJ per kg","categoryPath":["Elementary flows","Resource","in ground"],"flowType":"ELEMENTARY_FLOW","refUnit":"kg"},"unit":{"@type":"Unit","@id":"20aadc24-a391-41cf-b340-3e4529f44bde","name":"kg"},"flowProperty":{"@type":"FlowProperty","@id":"93a60a56-a3c8-11da-a746-0800200b9a66","name":"Mass","categoryPath":["Technical flow properties"]}},{"@type":"ImpactFactor","value":46.8,"flow":{"@type":"Flow","@id":"d508c71c-0761-421a-89e2-eb408051fe37","name":"Gas, natural, feedstock, 46.8 MJ per kg","categoryPath":["Elementary flows","Resource","unspecified"],"flowType":"ELEMENTARY_FLOW","refUnit":"kg"},"unit":{"@type":"Unit","@id":"20aadc24-a391-41cf-b340-3e4529f44bde","name":"kg"},"flowProperty":{"@type":"FlowProperty","@id":"93a60a56-a3c8-11da-a746-0800200b9a66","name":"Mass","categoryPath":["Technical flow properties"]}},{"@type":"ImpactFactor","value":1.0,"flow":{"@type":"Flow","@id":"c963b1c1-ef1f-33a0-9ce4-af41995e66ba","name":"Energy, from coal, brown","categoryPath":["Elementary flows","Resource","unspecified"],"flowType":"ELEMENTARY_FLOW","refUnit":"MJ"},"unit":{"@type":"Unit","@id":"52765a6c-3896-43c2-b2f4-c679acf13efe","name":"MJ"},"flowProperty":{"@type":"FlowProperty","@id":"f6811440-ee37-11de-8a39-0800200c9a66","name":"Energy","categoryPath":["Technical flow properties"]}},{"@type":"ImpactFactor","value":1.0,"flow":{"@type":"Flow","@id":"a977e260-0b46-3dad-ae6e-d3db06fa7fef","name":"Energy, from sulfur","categoryPath":["Elementary flows","Resource","unspecified"],"flowType":"ELEMENTARY_FLOW","refUnit":"MJ"},"unit":{"@type":"Unit","@id":"52765a6c-3896-43c2-b2f4-c679acf13efe","name":"MJ"},"flowProperty":{"@type":"FlowProperty","@id":"f6811440-ee37-11de-8a39-0800200c9a66","name":"Energy","categoryPath":["Technical flow properties"]}},{"@type":"ImpactFactor","value":1.0,"flow":{"@type":"Flow","@id":"3e24fcde-b31f-3bb3-a3f4-8d2647e3690b","name":"Energy, from sulfur","categoryPath":["Elementary flows","Resource","in ground"],"flowType":"ELEMENTARY_FLOW","refUnit":"MJ"},"unit":{"@type":"Unit","@id":"52765a6c-3896-43c2-b2f4-c679acf13efe","name":"MJ"},"flowProperty":{"@type":"FlowProperty","@id":"f6811440-ee37-11de-8a39-0800200c9a66","name":"Energy","categoryPath":["Technical flow properties"]}},{"@type":"ImpactFactor","value":46.8,"flow":{"@type":"Flow","@id":"17604ce7-783f-4f9e-be49-09ad847fa75d","name":"Gas, natural, feedstock, 46.8 MJ per kg","categoryPath":["Elementary flows","Resource","in ground"],"flowType":"ELEMENTARY_FLOW","refUnit":"kg"},"unit":{"@type":"Unit","@id":"20aadc24-a391-41cf-b340-3e4529f44bde","name":"kg"},"flowProperty":{"@type":"FlowProperty","@id":"93a60a56-a3c8-11da-a746-0800200b9a66","name":"Mass","categoryPath":["Technical flow properties"]}},{"@type":"ImpactFactor","value":1.0,"flow":{"@type":"Flow","@id":"593de2c4-0be4-3445-b86a-40e25630b80d","name":"Energy, from oil","categoryPath":["Elementary flows","Resource","unspecified"],"flowType":"ELEMENTARY_FLOW","refUnit":"MJ"},"unit":{"@type":"Unit","@id":"52765a6c-3896-43c2-b2f4-c679acf13efe","name":"MJ"},"flowProperty":{"@type":"FlowProperty","@id":"f6811440-ee37-11de-8a39-0800200c9a66","name":"Energy","categoryPath":["Technical flow properties"]}},{"@type":"ImpactFactor","value":18.16,"flow":{"@type":"Flow","@id":"b6d0042d-0ef8-49ed-9162-a07ff1ccf750","name":"Coal, hard, unspecified, in ground","categoryPath":["Elementary flows","Resource","in ground"],"flowType":"ELEMENTARY_FLOW","refUnit":"kg"},"unit":{"@type":"Unit","@id":"20aadc24-a391-41cf-b340-3e4529f44bde","name":"kg"},"flowProperty":{"@type":"FlowProperty","@id":"93a60a56-a3c8-11da-a746-0800200b9a66","name":"Mass","categoryPath":["Technical flow properties"]}},{"@type":"ImpactFactor","value":18.0,"flow":{"@type":"Flow","@id":"0e3139fc-4b5d-37e1-b328-2f4ae75b6482","name":"Coal, 18 MJ per kg","categoryPath":["Elementary flows","Resource","unspecified"],"flowType":"ELEMENTARY_FLOW","refUnit":"kg"},"unit":{"@type":"Unit","@id":"20aadc24-a391-41cf-b340-3e4529f44bde","name":"kg"},"flowProperty":{"@type":"FlowProperty","@id":"93a60a56-a3c8-11da-a746-0800200b9a66","name":"Mass","categoryPath":["Technical flow properties"]}},{"@type":"ImpactFactor","value":42.0,"flow":{"@type":"Flow","@id":"7ae398bf-8532-11e0-9d78-0800200c9a66","name":"Oil, crude, 42 MJ per kg","categoryPath":["Elementary flows","Resource","in ground"],"flowType":"ELEMENTARY_FLOW","refUnit":"kg"},"unit":{"@type":"Unit","@id":"20aadc24-a391-41cf-b340-3e4529f44bde","name":"kg"},"flowProperty":{"@type":"FlowProperty","@id":"93a60a56-a3c8-11da-a746-0800200b9a66","name":"Mass","categoryPath":["Technical flow properties"]}},{"@type":"ImpactFactor","value":30.3,"flow":{"@type":"Flow","@id":"81b88765-3ac1-4206-a936-fec23c319ec1","name":"Gas, natural, 30.3 MJ per kg","categoryPath":["Elementary flows","Resource","in ground"],"flowType":"ELEMENTARY_FLOW","refUnit":"kg"},"unit":{"@type":"Unit","@id":"20aadc24-a391-41cf-b340-3e4529f44bde","name":"kg"},"flowProperty":{"@type":"FlowProperty","@id":"93a60a56-a3c8-11da-a746-0800200b9a66","name":"Mass","categoryPath":["Technical flow properties"]}},{"@type":"ImpactFactor","value":41.0,"flow":{"@type":"Flow","@id":"2b648e3c-dfe7-314d-8248-58d4e40656c1","name":"Oil, crude, 41 MJ per kg","categoryPath":["Elementary flows","Resource","in ground"],"flowType":"ELEMENTARY_FLOW","refUnit":"kg"},"unit":{"@type":"Unit","@id":"20aadc24-a391-41cf-b340-3e4529f44bde","name":"kg"},"flowProperty":{"@type":"FlowProperty","@id":"93a60a56-a3c8-11da-a746-0800200b9a66","name":"Mass","categoryPath":["Technical flow properties"]}},{"@type":"ImpactFactor","value":26.4,"flow":{"@type":"Flow","@id":"d8855b03-3e44-4f74-b72e-23a56de3b46b","name":"Coal, feedstock, 26.4 MJ per kg, in ground","categoryPath":["Elementary flows","Resource","unspecified"],"flowType":"ELEMENTARY_FLOW","refUnit":"kg"},"unit":{"@type":"Unit","@id":"20aadc24-a391-41cf-b340-3e4529f44bde","name":"kg"},"flowProperty":{"@type":"FlowProperty","@id":"93a60a56-a3c8-11da-a746-0800200b9a66","name":"Mass","categoryPath":["Technical flow properties"]}},{"@type":"ImpactFactor","value":42.0,"flow":{"@type":"Flow","@id":"a65e5f73-a72a-4bc8-a4e3-58bfaf33baaa","name":"Oil, crude, 42 MJ per kg","categoryPath":["Elementary flows","Resource","unspecified"],"flowType":"ELEMENTARY_FLOW","refUnit":"kg"},"unit":{"@type":"Unit","@id":"20aadc24-a391-41cf-b340-3e4529f44bde","name":"kg"},"flowProperty":{"@type":"FlowProperty","@id":"93a60a56-a3c8-11da-a746-0800200b9a66","name":"Mass","categoryPath":["Technical flow properties"]}},{"@type":"ImpactFactor","value":43.15,"flow":{"@type":"Flow","@id":"ba92adb0-868f-37dc-9521-d7e25d11fe35","name":"Gas, natural/kg","categoryPath":["Elementary flows","Resource","unspecified"],"flowType":"ELEMENTARY_FLOW","refUnit":"kg"},"unit":{"@type":"Unit","@id":"20aadc24-a391-41cf-b340-3e4529f44bde","name":"kg"},"flowProperty":{"@type":"FlowProperty","@id":"93a60a56-a3c8-11da-a746-0800200b9a66","name":"Mass","categoryPath":["Technical flow properties"]}},{"@type":"ImpactFactor","value":18.0,"flow":{"@type":"Flow","@id":"52977b58-f9d3-411b-8620-0dc8d2d33cba","name":"Coal, 18 MJ per kg, in ground","categoryPath":["Elementary flows","Resource","unspecified"],"flowType":"ELEMENTARY_FLOW","refUnit":"kg"},"unit":{"@type":"Unit","@id":"20aadc24-a391-41cf-b340-3e4529f44bde","name":"kg"},"flowProperty":{"@type":"FlowProperty","@id":"93a60a56-a3c8-11da-a746-0800200b9a66","name":"Mass","categoryPath":["Technical flow properties"]}},{"@type":"ImpactFactor","value":38400.0,"flow":{"@type":"Flow","@id":"116985c9-8bd9-3925-afbe-1127b16a7e1c","name":"Oil, crude, 38400 MJ per m3","categoryPath":["Elementary flows","Resource","in ground"],"flowType":"ELEMENTARY_FLOW","refUnit":"m3"},"unit":{"@type":"Unit","@id":"1c3a9695-398d-4b1f-b07e-a8715b610f70","name":"m3"},"flowProperty":{"@type":"FlowProperty","@id":"93a60a56-a3c8-22da-a746-0800200c9a66","name":"Volume","categoryPath":["Technical flow properties"]}},{"@type":"ImpactFactor","value":42.7,"flow":{"@type":"Flow","@id":"5cf8e94c-94ee-4a99-be6e-592cad4abba1","name":"Oil, crude, 42.7 MJ per kg","categoryPath":["Elementary flows","Resource","in ground"],"flowType":"ELEMENTARY_FLOW","refUnit":"kg"},"unit":{"@type":"Unit","@id":"20aadc24-a391-41cf-b340-3e4529f44bde","name":"kg"},"flowProperty":{"@type":"FlowProperty","@id":"93a60a56-a3c8-11da-a746-0800200b9a66","name":"Mass","categoryPath":["Technical flow properties"]}},{"@type":"ImpactFactor","value":35.0,"flow":{"@type":"Flow","@id":"5df3c6a9-a888-4b5d-9a94-f3f610d38756","name":"Gas, natural, feedstock, 35 MJ per m3","categoryPath":["Elementary flows","Resource","in ground"],"flowType":"ELEMENTARY_FLOW","refUnit":"m3"},"unit":{"@type":"Unit","@id":"1c3a9695-398d-4b1f-b07e-a8715b610f70","name":"m3"},"flowProperty":{"@type":"FlowProperty","@id":"93a60a56-a3c8-22da-a746-0800200c9a66","name":"Volume","categoryPath":["Technical flow properties"]}},{"@type":"ImpactFactor","value":18.16,"flow":{"@type":"Flow","@id":"1be19e70-468e-43dc-bfd0-f650dfb1db40","name":"Coal, hard, unspecified","categoryPath":["Elementary flows","Resource","unspecified"],"flowType":"ELEMENTARY_FLOW","refUnit":"kg"},"unit":{"@type":"Unit","@id":"20aadc24-a391-41cf-b340-3e4529f44bde","name":"kg"},"flowProperty":{"@type":"FlowProperty","@id":"93a60a56-a3c8-11da-a746-0800200b9a66","name":"Mass","categoryPath":["Technical flow properties"]}},{"@type":"ImpactFactor","value":44.86,"flow":{"@type":"Flow","@id":"b8b73d09-394b-4e05-8e08-6e77387dc2e4","name":"Gas, mine, off-gas, process, coal mining/kg","categoryPath":["Elementary flows","Resource","unspecified"],"flowType":"ELEMENTARY_FLOW","refUnit":"kg"},"unit":{"@type":"Unit","@id":"20aadc24-a391-41cf-b340-3e4529f44bde","name":"kg"},"flowProperty":{"@type":"FlowProperty","@id":"93a60a56-a3c8-11da-a746-0800200b9a66","name":"Mass","categoryPath":["Technical flow properties"]}},{"@type":"ImpactFactor","value":35.0,"flow":{"@type":"Flow","@id":"ded94170-7b12-4442-bbd3-a0b1260a4dd9","name":"Gas, natural, feedstock, 35 MJ per m3","categoryPath":["Elementary flows","Resource","unspecified"],"flowType":"ELEMENTARY_FLOW","refUnit":"m3"},"unit":{"@type":"Unit","@id":"1c3a9695-398d-4b1f-b07e-a8715b610f70","name":"m3"},"flowProperty":{"@type":"FlowProperty","@id":"93a60a56-a3c8-22da-a746-0800200c9a66","name":"Volume","categoryPath":["Technical flow properties"]}},{"@type":"ImpactFactor","value":41.0,"flow":{"@type":"Flow","@id":"55e2d07c-aaf6-45e4-a512-9c6ab19e09f9","name":"Oil, crude, 41 MJ per kg, in ground","categoryPath":["Elementary flows","Resource","in ground"],"flowType":"ELEMENTARY_FLOW","refUnit":"kg"},"unit":{"@type":"Unit","@id":"20aadc24-a391-41cf-b340-3e4529f44bde","name":"kg"},"flowProperty":{"@type":"FlowProperty","@id":"93a60a56-a3c8-11da-a746-0800200b9a66","name":"Mass","categoryPath":["Technical flow properties"]}},{"@type":"ImpactFactor","value":1.0,"flow":{"@type":"Flow","@id":"31334b63-ce85-3198-94a0-01b5cdb83bf2","name":"Energy, from coal","categoryPath":["Elementary flows","Resource","unspecified"],"flowType":"ELEMENTARY_FLOW","refUnit":"MJ"},"unit":{"@type":"Unit","@id":"52765a6c-3896-43c2-b2f4-c679acf13efe","name":"MJ"},"flowProperty":{"@type":"FlowProperty","@id":"f6811440-ee37-11de-8a39-0800200c9a66","name":"Energy","categoryPath":["Technical flow properties"]}},{"@type":"ImpactFactor","value":26.4,"flow":{"@type":"Flow","@id":"03599e77-3732-41ae-8d66-5e15c8bb34ba","name":"Coal, 26.4 MJ per kg","categoryPath":["Elementary flows","Resource","unspecified"],"flowType":"ELEMENTARY_FLOW","refUnit":"kg"},"unit":{"@type":"Unit","@id":"20aadc24-a391-41cf-b340-3e4529f44bde","name":"kg"},"flowProperty":{"@type":"FlowProperty","@id":"93a60a56-a3c8-11da-a746-0800200b9a66","name":"Mass","categoryPath":["Technical flow properties"]}},{"@type":"ImpactFactor","value":38400.0,"flow":{"@type":"Flow","@id":"6ea27a5b-fb6d-489d-b874-90cca86a30c6","name":"Oil, crude, 38400 MJ per m3, in ground","categoryPath":["Elementary flows","Resource","unspecified"],"flowType":"ELEMENTARY_FLOW","refUnit":"m3"},"unit":{"@type":"Unit","@id":"1c3a9695-398d-4b1f-b07e-a8715b610f70","name":"m3"},"flowProperty":{"@type":"FlowProperty","@id":"93a60a56-a3c8-22da-a746-0800200c9a66","name":"Volume","categoryPath":["Technical flow properties"]}},{"@type":"ImpactFactor","value":41.0,"flow":{"@type":"Flow","@id":"4eda4c18-fe9f-3ee8-9e9e-1132b8fe02f5","name":"Oil, crude, feedstock, 41 MJ per kg","categoryPath":["Elementary flows","Resource","in ground"],"flowType":"ELEMENTARY_FLOW","refUnit":"kg"},"unit":{"@type":"Unit","@id":"20aadc24-a391-41cf-b340-3e4529f44bde","name":"kg"},"flowProperty":{"@type":"FlowProperty","@id":"93a60a56-a3c8-11da-a746-0800200b9a66","name":"Mass","categoryPath":["Technical flow properties"]}},{"@type":"ImpactFactor","value":35.0,"flow":{"@type":"Flow","@id":"968b74b0-8018-464a-9376-7d881851072a","name":"Gas, natural, 35 MJ per m3","categoryPath":["Elementary flows","Resource","in ground"],"flowType":"ELEMENTARY_FLOW","refUnit":"m3"},"unit":{"@type":"Unit","@id":"1c3a9695-398d-4b1f-b07e-a8715b610f70","name":"m3"},"flowProperty":{"@type":"FlowProperty","@id":"93a60a56-a3c8-22da-a746-0800200c9a66","name":"Volume","categoryPath":["Technical flow properties"]}},{"@type":"ImpactFactor","value":30.7,"flow":{"@type":"Flow","@id":"0704ef18-e419-3d75-890a-6097e4aa894b","name":"Coal, hard, 30.7 MJ per kg","categoryPath":["Elementary flows","Resource","unspecified"],"flowType":"ELEMENTARY_FLOW","refUnit":"kg"},"unit":{"@type":"Unit","@id":"20aadc24-a391-41cf-b340-3e4529f44bde","name":"kg"},"flowProperty":{"@type":"FlowProperty","@id":"93a60a56-a3c8-11da-a746-0800200b9a66","name":"Mass","categoryPath":["Technical flow properties"]}},{"@type":"ImpactFactor","value":26.4,"flow":{"@type":"Flow","@id":"0a0aa3d6-72c7-36d3-8a81-ed1056109de4","name":"Coal, feedstock, 26.4 MJ per kg","categoryPath":["Elementary flows","Resource","unspecified"],"flowType":"ELEMENTARY_FLOW","refUnit":"kg"},"unit":{"@type":"Unit","@id":"20aadc24-a391-41cf-b340-3e4529f44bde","name":"kg"},"flowProperty":{"@type":"FlowProperty","@id":"93a60a56-a3c8-11da-a746-0800200b9a66","name":"Mass","categoryPath":["Technical flow properties"]}},{"@type":"ImpactFactor","value":42.6,"flow":{"@type":"Flow","@id":"5d1c7444-561f-41a5-90bc-db10b6d47e19","name":"Oil, crude, 42.6 MJ per kg, in ground","categoryPath":["Elementary flows","Resource","unspecified"],"flowType":"ELEMENTARY_FLOW","refUnit":"kg"},"unit":{"@type":"Unit","@id":"20aadc24-a391-41cf-b340-3e4529f44bde","name":"kg"},"flowProperty":{"@type":"FlowProperty","@id":"93a60a56-a3c8-11da-a746-0800200b9a66","name":"Mass","categoryPath":["Technical flow properties"]}},{"@type":"ImpactFactor","value":35.0,"flow":{"@type":"Flow","@id":"f70b9100-1667-4410-95bf-3e0f2ed7a46d","name":"Gas, petroleum, 35 MJ per m3, in ground","categoryPath":["Elementary flows","Resource","unspecified"],"flowType":"ELEMENTARY_FLOW","refUnit":"m3"},"unit":{"@type":"Unit","@id":"1c3a9695-398d-4b1f-b07e-a8715b610f70","name":"m3"},"flowProperty":{"@type":"FlowProperty","@id":"93a60a56-a3c8-22da-a746-0800200c9a66","name":"Volume","categoryPath":["Technical flow properties"]}},{"@type":"ImpactFactor","value":8.0,"flow":{"@type":"Flow","@id":"b4502f91-3aba-4ab2-b495-7f124807c5d6","name":"Coal, brown, 8 MJ per kg, in ground","categoryPath":["Elementary flows","Resource","unspecified"],"flowType":"ELEMENTARY_FLOW","refUnit":"kg"},"unit":{"@type":"Unit","@id":"20aadc24-a391-41cf-b340-3e4529f44bde","name":"kg"},"flowProperty":{"@type":"FlowProperty","@id":"93a60a56-a3c8-11da-a746-0800200b9a66","name":"Mass","categoryPath":["Technical flow properties"]}},{"@type":"ImpactFactor","value":35.0,"flow":{"@type":"Flow","@id":"b01c02f3-088d-3795-a608-0d83370582d2","name":"Gas, petroleum, 35 MJ per m3","categoryPath":["Elementary flows","Resource","in ground"],"flowType":"ELEMENTARY_FLOW","refUnit":"m3"},"unit":{"@type":"Unit","@id":"1c3a9695-398d-4b1f-b07e-a8715b610f70","name":"m3"},"flowProperty":{"@type":"FlowProperty","@id":"93a60a56-a3c8-22da-a746-0800200c9a66","name":"Volume","categoryPath":["Technical flow properties"]}},{"@type":"ImpactFactor","value":10.0,"flow":{"@type":"Flow","@id":"7ff56da9-d736-4903-b1ea-80ed85c5cfe0","name":"Coal, brown, 10 MJ per kg, in ground","categoryPath":["Elementary flows","Resource","unspecified"],"flowType":"ELEMENTARY_FLOW","refUnit":"kg"},"unit":{"@type":"Unit","@id":"20aadc24-a391-41cf-b340-3e4529f44bde","name":"kg"},"flowProperty":{"@type":"FlowProperty","@id":"93a60a56-a3c8-11da-a746-0800200b9a66","name":"Mass","categoryPath":["Technical flow properties"]}},{"@type":"ImpactFactor","value":8.0,"flow":{"@type":"Flow","@id":"dd9be6f3-3f38-3834-93b1-cf98b8f03d9e","name":"Coal, brown, 8 MJ per kg","categoryPath":["Elementary flows","Resource","unspecified"],"flowType":"ELEMENTARY_FLOW","refUnit":"kg"},"unit":{"@type":"Unit","@id":"20aadc24-a391-41cf-b340-3e4529f44bde","name":"kg"},"flowProperty":{"@type":"FlowProperty","@id":"93a60a56-a3c8-11da-a746-0800200b9a66","name":"Mass","categoryPath":["Technical flow properties"]}},{"@type":"ImpactFactor","value":29.3,"flow":{"@type":"Flow","@id":"506689e7-7821-48e8-a12c-0ee9a3b9e6ee","name":"Coal, 29.3 MJ per kg","categoryPath":["Elementary flows","Resource","in ground"],"flowType":"ELEMENTARY_FLOW","refUnit":"kg"},"unit":{"@type":"Unit","@id":"20aadc24-a391-41cf-b340-3e4529f44bde","name":"kg"},"flowProperty":{"@type":"FlowProperty","@id":"93a60a56-a3c8-11da-a746-0800200b9a66","name":"Mass","categoryPath":["Technical flow properties"]}},{"@type":"ImpactFactor","value":35.0,"flow":{"@type":"Flow","@id":"7cbdcfba-7fe3-3178-bdf6-52d6d27a2dcd","name":"Gas, petroleum, 35 MJ per m3","categoryPath":["Elementary flows","Resource","unspecified"],"flowType":"ELEMENTARY_FLOW","refUnit":"m3"},"unit":{"@type":"Unit","@id":"1c3a9695-398d-4b1f-b07e-a8715b610f70","name":"m3"},"flowProperty":{"@type":"FlowProperty","@id":"93a60a56-a3c8-22da-a746-0800200c9a66","name":"Volume","categoryPath":["Technical flow properties"]}},{"@type":"ImpactFactor","value":42.6,"flow":{"@type":"Flow","@id":"dd4953b2-e6af-4006-942f-1b9ff1499572","name":"Oil, crude, 42.6 MJ per kg, in ground","categoryPath":["Elementary flows","Resource","in ground"],"flowType":"ELEMENTARY_FLOW","refUnit":"kg"},"unit":{"@type":"Unit","@id":"20aadc24-a391-41cf-b340-3e4529f44bde","name":"kg"},"flowProperty":{"@type":"FlowProperty","@id":"93a60a56-a3c8-11da-a746-0800200b9a66","name":"Mass","categoryPath":["Technical flow properties"]}},{"@type":"ImpactFactor","value":42.6,"flow":{"@type":"Flow","@id":"079339c7-49a2-3a17-9aa7-9b14b5c47560","name":"Oil, crude, 42.6 MJ per kg","categoryPath":["Elementary flows","Resource","in ground"],"flowType":"ELEMENTARY_FLOW","refUnit":"kg"},"unit":{"@type":"Unit","@id":"20aadc24-a391-41cf-b340-3e4529f44bde","name":"kg"},"flowProperty":{"@type":"FlowProperty","@id":"93a60a56-a3c8-11da-a746-0800200b9a66","name":"Mass","categoryPath":["Technical flow properties"]}},{"@type":"ImpactFactor","value":30.7,"flow":{"@type":"Flow","@id":"17cbbbbd-bd78-325d-bd76-2b6fcf81faaf","name":"Coal, hard, 30.7 MJ per kg","categoryPath":["Elementary flows","Resource","in ground"],"flowType":"ELEMENTARY_FLOW","refUnit":"kg"},"unit":{"@type":"Unit","@id":"20aadc24-a391-41cf-b340-3e4529f44bde","name":"kg"},"flowProperty":{"@type":"FlowProperty","@id":"93a60a56-a3c8-11da-a746-0800200b9a66","name":"Mass","categoryPath":["Technical flow properties"]}},{"@type":"ImpactFactor","value":35.85,"flow":{"@type":"Flow","@id":"3ed5f377-344f-423a-b5ec-9a9a1162b944","name":"Gas, mine, off-gas, process, coal mining","categoryPath":["Elementary flows","Resource","in ground"],"flowType":"ELEMENTARY_FLOW","refUnit":"m3"},"unit":{"@type":"Unit","@id":"1c3a9695-398d-4b1f-b07e-a8715b610f70","name":"m3"},"flowProperty":{"@type":"FlowProperty","@id":"93a60a56-a3c8-22da-a746-0800200c9a66","name":"Volume","categoryPath":["Technical flow properties"]}},{"@type":"ImpactFactor","value":43.15,"flow":{"@type":"Flow","@id":"7e196533-8ba1-354e-8a60-bb23ab44e794","name":"Gas, natural/kg","categoryPath":["Elementary flows","Resource","in ground"],"flowType":"ELEMENTARY_FLOW","refUnit":"kg"},"unit":{"@type":"Unit","@id":"20aadc24-a391-41cf-b340-3e4529f44bde","name":"kg"},"flowProperty":{"@type":"FlowProperty","@id":"93a60a56-a3c8-11da-a746-0800200b9a66","name":"Mass","categoryPath":["Technical flow properties"]}},{"@type":"ImpactFactor","value":10.0,"flow":{"@type":"Flow","@id":"3054566f-830a-3ffd-ad5b-cb8f12d18642","name":"Coal, brown, 10 MJ per kg","categoryPath":["Elementary flows","Resource","unspecified"],"flowType":"ELEMENTARY_FLOW","refUnit":"kg"},"unit":{"@type":"Unit","@id":"20aadc24-a391-41cf-b340-3e4529f44bde","name":"kg"},"flowProperty":{"@type":"FlowProperty","@id":"93a60a56-a3c8-11da-a746-0800200b9a66","name":"Mass","categoryPath":["Technical flow properties"]}},{"@type":"ImpactFactor","value":38400.0,"flow":{"@type":"Flow","@id":"e47d3de4-eeb9-4aca-a692-5e1a72b54dcc","name":"Oil, crude, 38400 MJ per m3, in ground","categoryPath":["Elementary flows","Resource","in ground"],"flowType":"ELEMENTARY_FLOW","refUnit":"m3"},"unit":{"@type":"Unit","@id":"1c3a9695-398d-4b1f-b07e-a8715b610f70","name":"m3"},"flowProperty":{"@type":"FlowProperty","@id":"93a60a56-a3c8-22da-a746-0800200c9a66","name":"Volume","categoryPath":["Technical flow properties"]}},{"@type":"ImpactFactor","value":30.7,"flow":{"@type":"Flow","@id":"7ae371b0-8532-11e0-9d78-0800200c9a66","name":"Coal, hard, 30.7 MJ per kg, in ground","categoryPath":["Elementary flows","Resource","in ground"],"flowType":"ELEMENTARY_FLOW","refUnit":"kg"},"unit":{"@type":"Unit","@id":"20aadc24-a391-41cf-b340-3e4529f44bde","name":"kg"},"flowProperty":{"@type":"FlowProperty","@id":"93a60a56-a3c8-11da-a746-0800200b9a66","name":"Mass","categoryPath":["Technical flow properties"]}}]}